,mean_fit_time,std_fit_time,mean_score_time,std_score_time,param_NN__alpha,param_NN__hidden_layer_sizes,param_km__n_clusters,params,split0_test_score,split1_test_score,split2_test_score,split3_test_score,split4_test_score,mean_test_score,std_test_score,rank_test_score,split0_train_score,split1_train_score,split2_train_score,split3_train_score,split4_train_score,mean_train_score,std_train_score
0,0.293466854095459,0.051059044464416656,0.0010000705718994141,1.1680077279964343e-07,0.1,"(50, 50)",2,"{'NN__alpha': 0.1, 'NN__hidden_layer_sizes': (50, 50), 'km__n_clusters': 2}",0.14835164835164835,0.1270718232044199,0.10306406685236769,0.17647058823529413,0.12112676056338029,0.1352253756260434,0.02514282892451363,155,0.17585484996510817,0.13867595818815331,0.11404728789986092,0.17916666666666667,0.11650485436893204,0.14484992341774422,0.028033221285844376
1,0.42889747619628904,0.06794647370497679,0.0010002613067626952,2.431401974483864e-07,0.1,"(50, 50)",5,"{'NN__alpha': 0.1, 'NN__hidden_layer_sizes': (50, 50), 'km__n_clusters': 5}",0.1401098901098901,0.22375690607734808,0.19220055710306408,0.11204481792717087,0.15492957746478872,0.16471897607122982,0.03931703246737643,125,0.1584089323098395,0.30383275261324044,0.24895688456189152,0.11597222222222223,0.15048543689320387,0.19553124572007952,0.06974287712263273
2,0.5703294754028321,0.1341789178572059,0.0010000228881835937,4.156969970265077e-07,0.1,"(50, 50)",10,"{'NN__alpha': 0.1, 'NN__hidden_layer_sizes': (50, 50), 'km__n_clusters': 10}",0.17857142857142858,0.36187845303867405,0.23676880222841226,0.3753501400560224,0.10422535211267606,0.25153032832498606,0.10443721714339108,77,0.21632937892533147,0.42787456445993033,0.31641168289290683,0.4444444444444444,0.10540915395284327,0.3020938449350913,0.12831983039683803
3,0.8017820358276367,0.17373387676027816,0.0010003089904785157,1.1680077279964343e-07,0.1,"(50, 50)",15,"{'NN__alpha': 0.1, 'NN__hidden_layer_sizes': (50, 50), 'km__n_clusters': 15}",0.19505494505494506,0.2900552486187845,0.5292479108635098,0.46218487394957986,0.30985915492957744,0.3567056204785754,0.12157039997823002,41,0.2568039078855548,0.35400696864111497,0.7294853963838664,0.4888888888888889,0.41400832177531205,0.4486386967149475,0.15965585471061208
4,0.6223414421081543,0.13609485267661747,0.0010005474090576173,3.568322550558034e-07,0.1,"(50, 50)",20,"{'NN__alpha': 0.1, 'NN__hidden_layer_sizes': (50, 50), 'km__n_clusters': 20}",0.1510989010989011,0.2569060773480663,0.26740947075208915,0.19887955182072828,0.36338028169014086,0.24707846410684475,0.07142589545775914,79,0.18771807397069085,0.3184668989547038,0.25521557719054244,0.21944444444444444,0.34812760055478503,0.2657945190230333,0.05984862674770032
5,0.9014068603515625,0.36435282433907273,0.0011981964111328126,0.00039629940521328125,0.1,"(50, 50)",25,"{'NN__alpha': 0.1, 'NN__hidden_layer_sizes': (50, 50), 'km__n_clusters': 25}",0.20604395604395603,0.6519337016574586,0.649025069637883,0.06722689075630252,0.23380281690140844,0.3622704507512521,0.24254437232026846,39,0.21284019539427773,0.8118466898954704,0.8011126564673157,0.1076388888888889,0.3300970873786408,0.4527071036049187,0.29732443365695643
6,0.9734227657318115,0.4134011247059558,0.0010000705718994141,1.9073486328124998e-07,0.1,"(50, 50)",30,"{'NN__alpha': 0.1, 'NN__hidden_layer_sizes': (50, 50), 'km__n_clusters': 30}",0.5576923076923077,0.1132596685082873,0.7465181058495822,0.5070028011204482,0.10422535211267606,0.4062326099053979,0.2551594229665073,27,0.6594556873691556,0.16445993031358885,0.8671766342141863,0.5451388888888888,0.11650485436893204,0.4705471990309503,0.2889984926952025
7,1.2120749950408936,0.3083564240295393,0.0010001182556152344,9.536743164062499e-08,0.1,"(50, 50)",35,"{'NN__alpha': 0.1, 'NN__hidden_layer_sizes': (50, 50), 'km__n_clusters': 35}",0.5989010989010989,0.6519337016574586,0.7437325905292479,0.6050420168067226,0.09295774647887324,0.5397885364496383,0.22768242208391049,9,0.724354501046755,0.7463414634146341,0.8762169680111266,0.6923611111111111,0.14285714285714285,0.636426237288154,0.2545786684424809
8,0.8916022300720214,0.25801913040790414,0.0012001514434814454,0.0004002094410833008,0.1,"(50, 50)",40,"{'NN__alpha': 0.1, 'NN__hidden_layer_sizes': (50, 50), 'km__n_clusters': 40}",0.0989010989010989,0.5248618784530387,0.15041782729805014,0.39215686274509803,0.6,0.35225375626043404,0.1989567842775309,44,0.10397766922540126,0.6348432055749129,0.14534075104311545,0.42916666666666664,0.7115117891816921,0.4049680163383577,0.2471431843742181
9,0.20444650650024415,0.01785427878747747,0.0008001327514648438,0.0004000664041494148,0.1,"(50,)",2,"{'NN__alpha': 0.1, 'NN__hidden_layer_sizes': (50,), 'km__n_clusters': 2}",0.10164835164835165,0.10220994475138122,0.1309192200557103,0.12885154061624648,0.10422535211267606,0.11352253756260434,0.013362618295010361,178,0.11444521981856245,0.11219512195121951,0.14394993045897078,0.12986111111111112,0.11095700416088766,0.12228167750015029,0.012793419388329178
10,0.3374765872955322,0.057631165979578035,0.000800180435180664,0.0004000902850766651,0.1,"(50,)",5,"{'NN__alpha': 0.1, 'NN__hidden_layer_sizes': (50,), 'km__n_clusters': 5}",0.15934065934065933,0.08839779005524862,0.09749303621169916,0.0784313725490196,0.15211267605633802,0.11519198664440734,0.033760469997069206,173,0.20097697138869505,0.09686411149825784,0.10013908205841446,0.09861111111111111,0.16296809986130376,0.13191187518355646,0.04261754008664049
11,0.459504222869873,0.12060260938486313,0.0010003089904785157,2.431401974483864e-07,0.1,"(50,)",10,"{'NN__alpha': 0.1, 'NN__hidden_layer_sizes': (50,), 'km__n_clusters': 10}",0.11263736263736264,0.3812154696132597,0.27298050139275765,0.15406162464985995,0.2056338028169014,0.22537562604340566,0.09490493801351024,84,0.12212142358688068,0.47317073170731705,0.26495132127955495,0.16666666666666666,0.22538141470180306,0.25045831158844456,0.12159861573488268
12,0.5413227081298828,0.1488953253781388,0.0010003089904785157,1.1680077279964342e-07,0.1,"(50,)",15,"{'NN__alpha': 0.1, 'NN__hidden_layer_sizes': (50,), 'km__n_clusters': 15}",0.3708791208791209,0.10773480662983426,0.26740947075208915,0.18487394957983194,0.1352112676056338,0.21368948247078465,0.09604507676756466,92,0.43824145150034893,0.11498257839721254,0.3463143254520167,0.16875,0.12552011095700416,0.23876169326131644,0.12992790698760057
13,0.5937347888946534,0.19208472880504254,0.0010000705718994141,1.1680077279964343e-07,0.1,"(50,)",20,"{'NN__alpha': 0.1, 'NN__hidden_layer_sizes': (50,), 'km__n_clusters': 20}",0.48626373626373626,0.17679558011049723,0.33147632311977715,0.1876750700280112,0.1323943661971831,0.2637729549248748,0.13048785897072873,71,0.6154919748778785,0.15261324041811847,0.44367176634214184,0.21041666666666667,0.14008321775312066,0.31245537321158523,0.1869344745103855
14,0.7607727527618409,0.36192448910773906,0.0006002902984619141,0.0004901349839899056,0.1,"(50,)",25,"{'NN__alpha': 0.1, 'NN__hidden_layer_sizes': (50,), 'km__n_clusters': 25}",0.34065934065934067,0.1850828729281768,0.6963788300835655,0.19327731092436976,0.2112676056338028,0.32554257095158595,0.19377602558215334,53,0.3740404745289602,0.2132404181184669,0.8407510431154381,0.24444444444444444,0.17614424410540916,0.36972412486254375,0.24476123370715203
15,0.804182481765747,0.2703389963358137,0.0008001327514648438,0.0007484556701690697,0.1,"(50,)",30,"{'NN__alpha': 0.1, 'NN__hidden_layer_sizes': (50,), 'km__n_clusters': 30}",0.47527472527472525,0.6408839779005525,0.6295264623955432,0.12885154061624648,0.14366197183098592,0.4051196438508626,0.2256597592936488,28,0.5750174459176552,0.7714285714285715,0.7461752433936022,0.1361111111111111,0.12552011095700416,0.4708504965615889,0.2857639515546275
16,0.7813773155212402,0.2540144459298273,0.0008002758026123047,0.0004001379403725326,0.1,"(50,)",35,"{'NN__alpha': 0.1, 'NN__hidden_layer_sizes': (50,), 'km__n_clusters': 35}",0.17857142857142858,0.14917127071823205,0.649025069637883,0.44537815126050423,0.07042253521126761,0.29827490261547024,0.21567093786430203,62,0.20237264480111655,0.17491289198606272,0.7906815020862309,0.5395833333333333,0.1144244105409154,0.3643949565495318,0.2596347982968141
17,0.7413681983947754,0.22248921177048595,0.0010004043579101562,2.611744678045111e-07,0.1,"(50,)",40,"{'NN__alpha': 0.1, 'NN__hidden_layer_sizes': (50,), 'km__n_clusters': 40}",0.22802197802197802,0.6519337016574586,0.1977715877437326,0.2184873949579832,0.15492957746478872,0.29104062326099056,0.1829895467890016,64,0.17585484996510817,0.7616724738675958,0.17246175243393602,0.23055555555555557,0.11927877947295423,0.29196468225902994,0.2374781483646128
18,0.24005460739135742,0.03777612330315713,0.0010001659393310547,2.611744678045111e-07,0.1,"(25,)",2,"{'NN__alpha': 0.1, 'NN__hidden_layer_sizes': (25,), 'km__n_clusters': 2}",0.07967032967032966,0.1270718232044199,0.1894150417827298,0.09243697478991597,0.10422535211267606,0.11853088480801335,0.038730882344565704,168,0.08932309839497557,0.09477351916376307,0.16481223922114047,0.08888888888888889,0.11650485436893204,0.11086052000754001,0.028802955460735243
19,0.3626824378967285,0.06682123103090429,0.0006001472473144531,0.000490018183218949,0.1,"(25,)",5,"{'NN__alpha': 0.1, 'NN__hidden_layer_sizes': (25,), 'km__n_clusters': 5}",0.1565934065934066,0.14917127071823205,0.14484679665738162,0.21008403361344538,0.16901408450704225,0.16583194212576516,0.02349931100169787,124,0.1374738311235171,0.15749128919860628,0.14255910987482615,0.2298611111111111,0.1622746185852982,0.16593199197867176,0.03324969970904311
20,0.38948826789855956,0.10288928376061372,0.0008002281188964844,0.0004001140736550456,0.1,"(25,)",10,"{'NN__alpha': 0.1, 'NN__hidden_layer_sizes': (25,), 'km__n_clusters': 10}",0.07417582417582418,0.287292817679558,0.13649025069637882,0.1568627450980392,0.12394366197183099,0.15581524763494714,0.07146915266726517,132,0.11723656664340544,0.3170731707317073,0.15368567454798332,0.14305555555555555,0.09986130374479889,0.16618245424469008,0.07778589355974223
21,0.4441009521484375,0.08270332456924366,0.001000213623046875,9.536743164062499e-08,0.1,"(25,)",15,"{'NN__alpha': 0.1, 'NN__hidden_layer_sizes': (25,), 'km__n_clusters': 15}",0.2087912087912088,0.0856353591160221,0.1392757660167131,0.1568627450980392,0.29577464788732394,0.17696160267111852,0.07097962433379276,113,0.17376133984647593,0.0843205574912892,0.15299026425591097,0.13472222222222222,0.27739251040221913,0.16463737884362348,0.06368411108466983
22,0.4164945125579834,0.025014461919278284,0.001000356674194336,1.784161275279017e-07,0.1,"(25,)",20,"{'NN__alpha': 0.1, 'NN__hidden_layer_sizes': (25,), 'km__n_clusters': 20}",0.12362637362637363,0.1685082872928177,0.16991643454038996,0.0700280112044818,0.15492957746478872,0.13745130773511408,0.037510516982779296,148,0.10676901605024425,0.16376306620209058,0.11821974965229486,0.09722222222222222,0.13592233009708737,0.12437927684478786,0.023536744119719396
23,0.4739077568054199,0.030974079902450474,0.000800180435180664,0.00040009025666136835,0.1,"(25,)",25,"{'NN__alpha': 0.1, 'NN__hidden_layer_sizes': (25,), 'km__n_clusters': 25}",0.0989010989010989,0.1850828729281768,0.09749303621169916,0.12885154061624648,0.16338028169014085,0.13466889259877574,0.03488277141395808,156,0.11863224005582694,0.22717770034843204,0.10083449235048679,0.12708333333333333,0.16019417475728157,0.14678438816907213,0.04457572198019696
24,0.49091358184814454,0.017546574424446383,0.0010002613067626952,3.2340669551493016e-07,0.1,"(25,)",30,"{'NN__alpha': 0.1, 'NN__hidden_layer_sizes': (25,), 'km__n_clusters': 30}",0.08241758241758242,0.1408839779005525,0.1309192200557103,0.15406162464985995,0.18309859154929578,0.13800779076238176,0.03302314819772934,146,0.08932309839497557,0.14494773519163764,0.15229485396383866,0.16666666666666666,0.20388349514563106,0.15142316987254992,0.0371040695537601
25,0.5295201778411865,0.01964852852408685,0.001000356674194336,2.3360154559928684e-07,0.1,"(25,)",35,"{'NN__alpha': 0.1, 'NN__hidden_layer_sizes': (25,), 'km__n_clusters': 35}",0.12637362637362637,0.13259668508287292,0.10863509749303621,0.16806722689075632,0.11549295774647887,0.1302170283806344,0.02060650684382923,161,0.14026517794836008,0.1254355400696864,0.14881780250347706,0.15486111111111112,0.12482662968099861,0.13884125226272664,0.012118727343227878
26,0.7563720226287842,0.22539081450912396,0.0006001472473144531,0.0004900182296200158,0.1,"(25,)",40,"{'NN__alpha': 0.1, 'NN__hidden_layer_sizes': (25,), 'km__n_clusters': 40}",0.0989010989010989,0.1270718232044199,0.6016713091922006,0.38375350140056025,0.09577464788732394,0.2609905397885364,0.20126582003178392,72,0.16189811584089323,0.11916376306620209,0.7183588317107094,0.43819444444444444,0.08737864077669903,0.3049987591677896,0.24123788921900577
27,0.24925632476806642,0.01779619290701901,0.0010001182556152344,2.3360154559928684e-07,0.1,"(25, 25)",2,"{'NN__alpha': 0.1, 'NN__hidden_layer_sizes': (25, 25), 'km__n_clusters': 2}",0.09615384615384616,0.11049723756906077,0.15041782729805014,0.12605042016806722,0.10704225352112676,0.11797440178074568,0.018829672591110843,170,0.09002093510118632,0.11010452961672473,0.15090403337969402,0.13680555555555557,0.108876560332871,0.11934232279720633,0.021705846477345928
28,0.37348504066467286,0.041267578793608595,0.0010001659393310547,1.5078914929239175e-07,0.1,"(25, 25)",5,"{'NN__alpha': 0.1, 'NN__hidden_layer_sizes': (25, 25), 'km__n_clusters': 5}",0.1401098901098901,0.12430939226519337,0.08635097493036212,0.1792717086834734,0.11267605633802817,0.1285475792988314,0.03077869072571932,162,0.1451500348918353,0.14912891986062718,0.09040333796940195,0.14097222222222222,0.13384188626907073,0.13189928024263145,0.021356255287955234
29,0.44230031967163086,0.14692235847471802,0.001000213623046875,2.3360154559928684e-07,0.1,"(25, 25)",10,"{'NN__alpha': 0.1, 'NN__hidden_layer_sizes': (25, 25), 'km__n_clusters': 10}",0.14835164835164835,0.11878453038674033,0.13370473537604458,0.32492997198879553,0.16338028169014085,0.1775180856983862,0.07488152343784053,111,0.1332868108862526,0.11916376306620209,0.13699582753824757,0.3951388888888889,0.1768377253814147,0.19228460315220117,0.10322084356430704
30,0.49111175537109375,0.07563999741848369,0.0006000518798828125,0.0004899403160383116,0.1,"(25, 25)",15,"{'NN__alpha': 0.1, 'NN__hidden_layer_sizes': (25, 25), 'km__n_clusters': 15}",0.1346153846153846,0.26795580110497236,0.21448467966573817,0.11764705882352941,0.14084507042253522,0.17529215358931552,0.05715178366910486,115,0.1716678297278437,0.2641114982578397,0.28929068150208626,0.12708333333333333,0.19070735090152566,0.2085721387445257,0.059869203562550606
31,0.4394999504089355,0.01558065160475508,0.001000213623046875,2.3360154559928684e-07,0.1,"(25, 25)",20,"{'NN__alpha': 0.1, 'NN__hidden_layer_sizes': (25, 25), 'km__n_clusters': 20}",0.12362637362637363,0.09944751381215469,0.15598885793871867,0.15406162464985995,0.15211267605633802,0.13689482470784642,0.022254914354733858,153,0.1360781577110956,0.13867595818815331,0.1474269819193324,0.14375,0.1463245492371706,0.1424511294111504,0.004388991688098998
32,0.6309433460235596,0.1509177611974091,0.001000213623046875,2.3360154559928684e-07,0.1,"(25, 25)",25,"{'NN__alpha': 0.1, 'NN__hidden_layer_sizes': (25, 25), 'km__n_clusters': 25}",0.10714285714285714,0.11878453038674033,0.2562674094707521,0.26330532212885155,0.28450704225352114,0.20534223706176963,0.07672169269083036,98,0.1332868108862526,0.10662020905923345,0.2997218358831711,0.2638888888888889,0.3342579750346741,0.22755514395044404,0.09102246283527764
33,0.6973599433898926,0.15444522082086962,0.0010001659393310547,1.5078914929239175e-07,0.1,"(25, 25)",30,"{'NN__alpha': 0.1, 'NN__hidden_layer_sizes': (25, 25), 'km__n_clusters': 30}",0.19505494505494506,0.36187845303867405,0.12813370473537605,0.3165266106442577,0.10422535211267606,0.221480244852532,0.10180299054521637,88,0.20865317515701326,0.3818815331010453,0.15090403337969402,0.44930555555555557,0.15603328710124825,0.2693555168589113,0.12296469147037178
34,0.7659762382507325,0.17008421813687175,0.000998544692993164,3.373096310391883e-06,0.1,"(25, 25)",35,"{'NN__alpha': 0.1, 'NN__hidden_layer_sizes': (25, 25), 'km__n_clusters': 35}",0.1043956043956044,0.43646408839779005,0.45125348189415043,0.19327731092436976,0.29014084507042254,0.29493600445186424,0.13538210755409733,63,0.11933007676203769,0.5254355400696864,0.5577190542420027,0.2611111111111111,0.29542302357836336,0.3518037611526402,0.16613070809040228
35,1.0986496448516845,0.30148965210601436,0.0009999752044677734,1.784161275279017e-07,0.1,"(25, 25)",40,"{'NN__alpha': 0.1, 'NN__hidden_layer_sizes': (25, 25), 'km__n_clusters': 40}",0.18681318681318682,0.3149171270718232,0.5905292479108635,0.5238095238095238,0.4450704225352113,0.4112409571508069,0.1457284393414002,25,0.2526168876482903,0.3470383275261324,0.7510431154381085,0.6201388888888889,0.5395284327323162,0.5020731304467473,0.18088266008668533
36,0.4867105484008789,0.1439013048077071,0.0012001991271972656,0.0004000664041494148,0.1,"(100, 25, 100)",2,"{'NN__alpha': 0.1, 'NN__hidden_layer_sizes': (100, 25, 100), 'km__n_clusters': 2}",0.17582417582417584,0.143646408839779,0.2590529247910863,0.15126050420168066,0.14647887323943662,0.17529215358931552,0.043383747733942095,115,0.1856245638520586,0.17560975609756097,0.27468706536856746,0.12986111111111112,0.13730929264909847,0.18061835781567934,0.0516740614803051
37,0.6495477199554444,0.43383840625328707,0.001199960708618164,0.0004000664325664057,0.1,"(100, 25, 100)",5,"{'NN__alpha': 0.1, 'NN__hidden_layer_sizes': (100, 25, 100), 'km__n_clusters': 5}",0.1401098901098901,0.36187845303867405,0.17827298050139276,0.11484593837535013,0.10140845070422536,0.17974401780745689,0.09513257727002425,108,0.16399162595952546,0.45505226480836236,0.21070931849791377,0.11041666666666666,0.10471567267683772,0.20897710972186118,0.12896843368619348
38,0.6863559722900391,0.36453019928103514,0.001200246810913086,0.0004002809631042734,0.1,"(100, 25, 100)",10,"{'NN__alpha': 0.1, 'NN__hidden_layer_sizes': (100, 25, 100), 'km__n_clusters': 10}",0.22527472527472528,0.2154696132596685,0.5376044568245125,0.22128851540616246,0.1352112676056338,0.2671118530884808,0.13915049833655513,70,0.27424982554082344,0.25435540069686413,0.5924895688456189,0.22152777777777777,0.1553398058252427,0.2995924757372654,0.15190805105244856
39,0.8783990859985351,0.3266733103093997,0.0010002613067626952,3.568322550558034e-07,0.1,"(100, 25, 100)",15,"{'NN__alpha': 0.1, 'NN__hidden_layer_sizes': (100, 25, 100), 'km__n_clusters': 15}",0.22252747252747251,0.3259668508287293,0.5933147632311978,0.24089635854341737,0.4788732394366197,0.37173066221480244,0.14285878676180125,38,0.27983251919050944,0.38118466898954706,0.7663421418636995,0.28541666666666665,0.5221914008321775,0.44699347950852,0.1822190704421106
40,1.0222344398498535,0.40649780614777226,0.0014002323150634766,0.0004899792418945042,0.1,"(100, 25, 100)",20,"{'NN__alpha': 0.1, 'NN__hidden_layer_sizes': (100, 25, 100), 'km__n_clusters': 20}",0.16758241758241757,0.1878453038674033,0.5682451253481894,0.5462184873949579,0.2563380281690141,0.3444629938786867,0.1757958073679929,47,0.2016748080949058,0.18815331010452963,0.7148817802503477,0.6555555555555556,0.3363384188626907,0.4193207745736059,0.22398991697622403
41,1.1394586563110352,0.3174058278625059,0.0014003753662109376,0.0008000613306881397,0.1,"(100, 25, 100)",25,"{'NN__alpha': 0.1, 'NN__hidden_layer_sizes': (100, 25, 100), 'km__n_clusters': 25}",0.6483516483516484,0.45027624309392267,0.5793871866295265,0.38935574229691877,0.2563380281690141,0.4657762938230384,0.1385813371835703,17,0.7892533147243544,0.5303135888501742,0.7475660639777468,0.4388888888888889,0.3079056865464632,0.5627855085975255,0.18264722417524343
42,1.2642868041992188,0.33601453012203936,0.0012001991271972656,0.00040018562408369803,0.1,"(100, 25, 100)",30,"{'NN__alpha': 0.1, 'NN__hidden_layer_sizes': (100, 25, 100), 'km__n_clusters': 30}",0.43131868131868134,0.7486187845303868,0.6796657381615598,0.49299719887955185,0.2112676056338028,0.5136338341680579,0.19012884389605533,13,0.592463363572924,0.8808362369337979,0.8045897079276774,0.5888888888888889,0.2884882108183079,0.6310532816283192,0.206457870541942
43,1.000627326965332,0.32447564039495985,0.0016002178192138672,0.000489940339242533,0.1,"(100, 25, 100)",35,"{'NN__alpha': 0.1, 'NN__hidden_layer_sizes': (100, 25, 100), 'km__n_clusters': 35}",0.14285714285714285,0.6685082872928176,0.23119777158774374,0.6610644257703081,0.3380281690140845,0.4079020589872009,0.21873741957125303,26,0.159804605722261,0.7825783972125435,0.29346314325452016,0.6319444444444444,0.3065187239944521,0.43486186292564427,0.23318249768376675
44,1.4853371143341065,0.18543878242849354,0.001800394058227539,0.0003999948892390431,0.1,"(100, 25, 100)",40,"{'NN__alpha': 0.1, 'NN__hidden_layer_sizes': (100, 25, 100), 'km__n_clusters': 40}",0.6785714285714286,0.6823204419889503,0.6991643454038997,0.6666666666666666,0.6591549295774648,0.6772398441847524,0.01372624755224256,1,0.7920446615491975,0.8348432055749129,0.786509040333797,0.7305555555555555,0.7836338418862691,0.7855172609799463,0.033169189695570894
45,0.3324756145477295,0.05701332583592642,0.001000213623046875,1.784161275279017e-07,0.01,"(50, 50)",2,"{'NN__alpha': 0.01, 'NN__hidden_layer_sizes': (50, 50), 'km__n_clusters': 2}",0.1510989010989011,0.13535911602209943,0.23119777158774374,0.17366946778711484,0.1295774647887324,0.16416249304396216,0.03679256643863572,126,0.17306350314026517,0.1554006968641115,0.25382475660639775,0.17847222222222223,0.13869625520110956,0.17989148680682127,0.039526219033029164
46,0.47090697288513184,0.07010571505374719,0.0010001182556152344,2.78041453115716e-07,0.01,"(50, 50)",5,"{'NN__alpha': 0.01, 'NN__hidden_layer_sizes': (50, 50), 'km__n_clusters': 5}",0.11263736263736264,0.212707182320442,0.20055710306406685,0.16526610644257703,0.15774647887323945,0.16972732331663884,0.03541915177001815,120,0.12351709699930216,0.30313588850174217,0.24617524339360222,0.20625,0.14701803051317613,0.20521925188156454,0.06531270579390049
47,0.7245643615722657,0.33150210048084894,0.0010001659393310547,1.5078914929239175e-07,0.01,"(50, 50)",10,"{'NN__alpha': 0.01, 'NN__hidden_layer_sizes': (50, 50), 'km__n_clusters': 10}",0.17857142857142858,0.24585635359116023,0.38440111420612816,0.5014005602240896,0.10422535211267606,0.2826933778519755,0.14258624477502188,66,0.20865317515701326,0.29895470383275263,0.480528511821975,0.5909722222222222,0.10540915395284327,0.3369035533973613,0.17700675062672416
48,0.7737757682800293,0.2250662348667178,0.001000356674194336,1.784161275279017e-07,0.01,"(50, 50)",15,"{'NN__alpha': 0.01, 'NN__hidden_layer_sizes': (50, 50), 'km__n_clusters': 15}",0.20054945054945056,0.17955801104972377,0.5431754874651811,0.5070028011204482,0.38309859154929576,0.3617139677239844,0.15102218416381477,40,0.25540823447313327,0.18257839721254354,0.6863699582753825,0.5583333333333333,0.4375866851595007,0.42405532169077864,0.18642724900452556
49,0.7877787113189697,0.24609653610216917,0.0010000705718994141,2.4314019744838644e-07,0.01,"(50, 50)",20,"{'NN__alpha': 0.01, 'NN__hidden_layer_sizes': (50, 50), 'km__n_clusters': 20}",0.45054945054945056,0.2513812154696133,0.27019498607242337,0.5714285714285714,0.21971830985915494,0.3528102392877017,0.13551870542776656,43,0.5443126308443824,0.3400696864111498,0.2579972183588317,0.5951388888888889,0.2420249653259362,0.3959086779658378,0.1466520854669581
50,0.8585947513580322,0.32757176625473083,0.0014002799987792968,0.000489940432059407,0.01,"(50, 50)",25,"{'NN__alpha': 0.01, 'NN__hidden_layer_sizes': (50, 50), 'km__n_clusters': 25}",0.21153846153846154,0.6353591160220995,0.6183844011142061,0.06722689075630252,0.24507042253521127,0.3561491374513077,0.22956434441186835,42,0.21423586880669923,0.778397212543554,0.7461752433936022,0.10833333333333334,0.3300970873786408,0.4354477490911659,0.27611707991234286
51,0.9050054550170898,0.3076679410073236,0.0010002613067626952,1.1680077279964343e-07,0.01,"(50, 50)",30,"{'NN__alpha': 0.01, 'NN__hidden_layer_sizes': (50, 50), 'km__n_clusters': 30}",0.4478021978021978,0.1132596685082873,0.6323119777158774,0.6638655462184874,0.10422535211267606,0.39232053422370616,0.24261687709626067,32,0.5540823447313329,0.1672473867595819,0.7440890125173852,0.7138888888888889,0.11650485436893204,0.4591624974532242,0.26747228757503316
52,0.9404132843017579,0.31397562459081896,0.001000213623046875,2.78041453115716e-07,0.01,"(50, 50)",35,"{'NN__alpha': 0.01, 'NN__hidden_layer_sizes': (50, 50), 'km__n_clusters': 35}",0.37362637362637363,0.6795580110497238,0.6183844011142061,0.18207282913165265,0.11267605633802817,0.39454646633277685,0.22611145883706296,30,0.48220516399162594,0.7993031358885018,0.8108484005563282,0.16597222222222222,0.14909847434119278,0.48148547939997427,0.28966126808438797
53,0.8914024353027343,0.3106137377219222,0.0012001991271972656,0.00040018562408369803,0.01,"(50, 50)",40,"{'NN__alpha': 0.01, 'NN__hidden_layer_sizes': (50, 50), 'km__n_clusters': 40}",0.09615384615384616,0.4419889502762431,0.1532033426183844,0.3473389355742297,0.6507042253521127,0.33667223149693937,0.20045274925297663,51,0.10397766922540126,0.48292682926829267,0.14534075104311545,0.40625,0.79750346740638,0.3871997433886379,0.2516291909387758
54,0.20584659576416015,0.017178624359175724,0.0006000995635986328,0.0004899792418945042,0.01,"(50,)",2,"{'NN__alpha': 0.01, 'NN__hidden_layer_sizes': (50,), 'km__n_clusters': 2}",0.10164835164835165,0.10220994475138122,0.13649025069637882,0.12885154061624648,0.10422535211267606,0.11463550361713967,0.014907886382856228,174,0.11444521981856245,0.11219512195121951,0.14325452016689846,0.11597222222222223,0.11095700416088766,0.11936481766395808,0.012070840045219546
55,0.33627877235412595,0.057286705006315504,0.0008000373840332031,0.0004000187630675486,0.01,"(50,)",5,"{'NN__alpha': 0.01, 'NN__hidden_layer_sizes': (50,), 'km__n_clusters': 5}",0.15384615384615385,0.08839779005524862,0.09749303621169916,0.0784313725490196,0.15211267605633802,0.11407902058987202,0.03234770302446321,177,0.19888346127006282,0.09686411149825784,0.10013908205841446,0.09861111111111111,0.16296809986130376,0.13149317315983,0.04194187141121856
56,0.42409615516662597,0.11659415647299999,0.0008000850677490235,0.00040004257295020516,0.01,"(50,)",10,"{'NN__alpha': 0.01, 'NN__hidden_layer_sizes': (50,), 'km__n_clusters': 10}",0.11263736263736264,0.09944751381215469,0.2646239554317549,0.15406162464985995,0.2056338028169014,0.1669449081803005,0.06123702837519857,121,0.12212142358688068,0.14773519163763066,0.33031988873435325,0.1673611111111111,0.22538141470180306,0.19858380595435574,0.07413425862489625
57,0.5219183444976807,0.14954956128096072,0.0012004375457763672,0.0004003048085115577,0.01,"(50,)",15,"{'NN__alpha': 0.01, 'NN__hidden_layer_sizes': (50,), 'km__n_clusters': 15}",0.19505494505494506,0.10773480662983426,0.4373259052924791,0.1876750700280112,0.1352112676056338,0.2125765164162493,0.11693276027415593,93,0.2686671318911375,0.11428571428571428,0.6008344923504868,0.1673611111111111,0.12482662968099861,0.25519501586388965,0.18122598479659663
58,0.5585267543792725,0.17354350617197814,0.0010003089904785157,1.9073486328124998e-07,0.01,"(50,)",20,"{'NN__alpha': 0.01, 'NN__hidden_layer_sizes': (50,), 'km__n_clusters': 20}",0.4945054945054945,0.17679558011049723,0.27019498607242337,0.1876750700280112,0.1295774647887324,0.25264329437952143,0.13000055051238607,75,0.6127006280530356,0.15261324041811847,0.3379694019471488,0.2111111111111111,0.1407766990291262,0.291034216111708,0.1753839119790292
59,0.5789312839508056,0.05803901647770623,0.0008002281188964844,0.0004001141304822542,0.01,"(50,)",25,"{'NN__alpha': 0.01, 'NN__hidden_layer_sizes': (50,), 'km__n_clusters': 25}",0.31868131868131866,0.18232044198895028,0.21727019498607242,0.19327731092436976,0.23943661971830985,0.2303839732888147,0.048669210044870355,83,0.33705512909979063,0.21393728222996516,0.2524339360222531,0.24305555555555555,0.22399445214979197,0.2540952710114713,0.04364790204453651
60,0.6951579093933106,0.20255110875403973,0.0010003089904785157,2.4314019744838644e-07,0.01,"(50,)",30,"{'NN__alpha': 0.01, 'NN__hidden_layer_sizes': (50,), 'km__n_clusters': 30}",0.20604395604395603,0.46685082872928174,0.6295264623955432,0.26330532212885155,0.14366197183098592,0.34223706176961605,0.18000453700322513,49,0.21563154221912073,0.5128919860627178,0.7440890125173852,0.2791666666666667,0.12413314840499307,0.37518247117417675,0.22483649296551358
61,0.8061827659606934,0.28870942618572953,0.0010001182556152344,2.3360154559928684e-07,0.01,"(50,)",35,"{'NN__alpha': 0.01, 'NN__hidden_layer_sizes': (50,), 'km__n_clusters': 35}",0.5082417582417582,0.14917127071823205,0.6406685236768802,0.19607843137254902,0.07042253521126761,0.31385642737896496,0.22117302854387047,58,0.6140963014654571,0.17700348432055749,0.7732962447844228,0.21875,0.1144244105409154,0.37951408822227056,0.2635228170631873
62,0.7465700149536133,0.23090299449621465,0.0010001182556152344,9.536743164062499e-08,0.01,"(50,)",40,"{'NN__alpha': 0.01, 'NN__hidden_layer_sizes': (50,), 'km__n_clusters': 40}",0.21978021978021978,0.24585635359116023,0.20055710306406685,0.5966386554621849,0.15211267605633802,0.2826933778519755,0.15928615564181123,66,0.17515701325889743,0.2445993031358885,0.17593880389429764,0.6548611111111111,0.11927877947295423,0.27396700217462977,0.1945477688278972
63,0.24125633239746094,0.03653336459340281,0.0006002426147460937,0.000490096065864152,0.01,"(25,)",2,"{'NN__alpha': 0.01, 'NN__hidden_layer_sizes': (25,), 'km__n_clusters': 2}",0.08241758241758242,0.1270718232044199,0.1894150417827298,0.09243697478991597,0.10422535211267606,0.11908736783528102,0.03818441952715497,166,0.09211444521981857,0.09547038327526132,0.16481223922114047,0.08888888888888889,0.11650485436893204,0.11155816219480826,0.02832397287097363
64,0.35468077659606934,0.06550928732577586,0.001000213623046875,2.3360154559928684e-07,0.01,"(25,)",5,"{'NN__alpha': 0.01, 'NN__hidden_layer_sizes': (25,), 'km__n_clusters': 5}",0.1565934065934066,0.13535911602209943,0.14484679665738162,0.21008403361344538,0.15211267605633802,0.15971062882582082,0.02609740371903347,131,0.1374738311235171,0.12961672473867597,0.14255910987482615,0.23194444444444445,0.1449375866851595,0.15730633937332464,0.03768648747666445
65,0.38048648834228516,0.09504305893297943,0.0008000373840332031,0.000400018706226792,0.01,"(25,)",10,"{'NN__alpha': 0.01, 'NN__hidden_layer_sizes': (25,), 'km__n_clusters': 10}",0.07417582417582418,0.287292817679558,0.13370473537604458,0.1568627450980392,0.12394366197183099,0.15525876460767946,0.07162812483383746,134,0.11723656664340544,0.31637630662020905,0.15299026425591097,0.14305555555555555,0.09986130374479889,0.16590399936397598,0.07753823294630922
66,0.44610090255737306,0.08615197496976029,0.0008002758026123047,0.0004001379119606201,0.01,"(25,)",15,"{'NN__alpha': 0.01, 'NN__hidden_layer_sizes': (25,), 'km__n_clusters': 15}",0.21153846153846154,0.0856353591160221,0.1392757660167131,0.1568627450980392,0.30140845070422534,0.17863105175292154,0.07309592385771137,110,0.17376133984647593,0.0843205574912892,0.15299026425591097,0.1361111111111111,0.2753120665742025,0.16449906785579793,0.06282074902467344
67,0.41489410400390625,0.02071611480411558,0.0008000850677490235,0.00040004257295020516,0.01,"(25,)",20,"{'NN__alpha': 0.01, 'NN__hidden_layer_sizes': (25,), 'km__n_clusters': 20}",0.12362637362637363,0.16574585635359115,0.16991643454038996,0.0700280112044818,0.15492957746478872,0.13689482470784642,0.03706347383723352,153,0.10676901605024425,0.16376306620209058,0.11821974965229486,0.09722222222222222,0.13592233009708737,0.12437927684478786,0.023536744119719396
68,0.49171175956726076,0.060148778988965035,0.000800323486328125,0.00040016177157428304,0.01,"(25,)",25,"{'NN__alpha': 0.01, 'NN__hidden_layer_sizes': (25,), 'km__n_clusters': 25}",0.0989010989010989,0.2541436464088398,0.09749303621169916,0.12885154061624648,0.16338028169014085,0.14858096828046743,0.05819593472537729,136,0.11863224005582694,0.2724738675958188,0.10083449235048679,0.12708333333333333,0.15950069348127602,0.1557049253633484,0.06140641280999431
69,0.5091155529022217,0.030397536629374104,0.0010001659393310547,1.5078914929239175e-07,0.01,"(25,)",30,"{'NN__alpha': 0.01, 'NN__hidden_layer_sizes': (25,), 'km__n_clusters': 30}",0.08241758241758242,0.1408839779005525,0.1309192200557103,0.15406162464985995,0.19154929577464788,0.13967723984418476,0.035389304443645346,143,0.08932309839497557,0.1456445993031359,0.15229485396383866,0.1673611111111111,0.19694868238557559,0.15031446903172735,0.03524489966286137
70,0.5269196510314942,0.017409591149301882,0.0010001659393310547,2.611744678045111e-07,0.01,"(25,)",35,"{'NN__alpha': 0.01, 'NN__hidden_layer_sizes': (25,), 'km__n_clusters': 35}",0.1401098901098901,0.13259668508287292,0.10863509749303621,0.16806722689075632,0.11549295774647887,0.13299944351697274,0.02082590690970521,158,0.16468946266573622,0.1254355400696864,0.14881780250347706,0.15486111111111112,0.1262135922330097,0.1440035017166041,0.01568581673598847
71,0.7723753452301025,0.2857011588093602,0.0012001514434814454,0.0003999710367245498,0.01,"(25,)",40,"{'NN__alpha': 0.01, 'NN__hidden_layer_sizes': (25,), 'km__n_clusters': 40}",0.10714285714285714,0.1270718232044199,0.4986072423398329,0.5742296918767507,0.09577464788732394,0.27991096271563715,0.2102715501786861,68,0.14863921842288905,0.11916376306620209,0.6161335187760779,0.6541666666666667,0.08737864077669903,0.32509636154170696,0.2541829915019244
72,0.24545578956604003,0.022379951168370535,0.0012003421783447266,0.0003998757261607768,0.01,"(25, 25)",2,"{'NN__alpha': 0.01, 'NN__hidden_layer_sizes': (25, 25), 'km__n_clusters': 2}",0.09340659340659341,0.11049723756906077,0.1532033426183844,0.13165266106442577,0.11549295774647887,0.12075681691708402,0.020300395554481813,165,0.09071877180739707,0.11010452961672473,0.14951321279554938,0.14722222222222223,0.11997226074895978,0.12350619943817062,0.02238715420847366
73,0.3814863204956055,0.053732079191641795,0.0006001472473144531,0.0004900182296200158,0.01,"(25, 25)",5,"{'NN__alpha': 0.01, 'NN__hidden_layer_sizes': (25, 25), 'km__n_clusters': 5}",0.1346153846153846,0.12430939226519337,0.08635097493036212,0.24089635854341737,0.11549295774647887,0.14023372287145242,0.05264488532461216,141,0.14584787159804605,0.1421602787456446,0.09040333796940195,0.23402777777777778,0.13592233009708737,0.14967231923759156,0.04666642236031887
74,0.4406998634338379,0.08537614260964335,0.0008002758026123047,0.0004001379687844432,0.01,"(25, 25)",10,"{'NN__alpha': 0.01, 'NN__hidden_layer_sizes': (25, 25), 'km__n_clusters': 10}",0.19230769230769232,0.11602209944751381,0.1309192200557103,0.27170868347338933,0.17183098591549295,0.17640511964385086,0.0548417031546769,114,0.20795533845080252,0.12125435540069686,0.13699582753824757,0.33194444444444443,0.17891816920943135,0.19541362700872456,0.07480948552687228
75,0.5509250164031982,0.18318665371778103,0.0010002613067626952,3.2340669551493016e-07,0.01,"(25, 25)",15,"{'NN__alpha': 0.01, 'NN__hidden_layer_sizes': (25, 25), 'km__n_clusters': 15}",0.1346153846153846,0.26795580110497236,0.3788300835654596,0.11484593837535013,0.15492957746478872,0.21035058430717862,0.09959865840893772,95,0.1716678297278437,0.2641114982578397,0.5236439499304589,0.12708333333333333,0.19625520110957004,0.2565523624718091,0.14071134829755413
76,0.44430079460144045,0.018480535397172326,0.0010003089904785157,2.431401974483864e-07,0.01,"(25, 25)",20,"{'NN__alpha': 0.01, 'NN__hidden_layer_sizes': (25, 25), 'km__n_clusters': 20}",0.12362637362637363,0.09944751381215469,0.15877437325905291,0.15406162464985995,0.15211267605633802,0.13745130773511408,0.022754618045684544,148,0.1360781577110956,0.13867595818815331,0.15229485396383866,0.14375,0.1463245492371706,0.14342470382005162,0.0057221815670020475
77,0.5823320865631103,0.10265731954609136,0.0010001659393310547,0.0006324851361371606,0.01,"(25, 25)",25,"{'NN__alpha': 0.01, 'NN__hidden_layer_sizes': (25, 25), 'km__n_clusters': 25}",0.10714285714285714,0.11878453038674033,0.2646239554317549,0.24369747899159663,0.2563380281690141,0.19755147468002227,0.07007131165863954,103,0.13398464759246337,0.10801393728222997,0.29276773296244785,0.23194444444444445,0.27739251040221913,0.20882065453676094,0.07489505088019928
78,0.707160472869873,0.15025267852656501,0.0010001182556152344,1.784161275279017e-07,0.01,"(25, 25)",30,"{'NN__alpha': 0.01, 'NN__hidden_layer_sizes': (25, 25), 'km__n_clusters': 30}",0.1978021978021978,0.39226519337016574,0.12813370473537605,0.29971988795518206,0.2535211267605634,0.25431274346132443,0.08983869727512028,73,0.20586182833217026,0.38745644599303136,0.15090403337969402,0.4409722222222222,0.2780859916782247,0.29265610432106853,0.10846562566400517
79,0.7149623394012451,0.23291673728032564,0.0010001659393310547,2.132480599880018e-07,0.01,"(25, 25)",35,"{'NN__alpha': 0.01, 'NN__hidden_layer_sizes': (25, 25), 'km__n_clusters': 35}",0.1043956043956044,0.5414364640883977,0.12813370473537605,0.20448179271708683,0.28169014084507044,0.25208681135225375,0.15804099437272703,76,0.11933007676203769,0.6731707317073171,0.1168289290681502,0.2604166666666667,0.3030513176144244,0.2945595443637192,0.20340984018548197
80,0.8029825687408447,0.20447852693877314,0.0010004997253417968,4.672030911985737e-07,0.01,"(25, 25)",40,"{'NN__alpha': 0.01, 'NN__hidden_layer_sizes': (25, 25), 'km__n_clusters': 40}",0.09065934065934066,0.3149171270718232,0.17827298050139276,0.5070028011204482,0.07887323943661972,0.2337228714524207,0.16019279768512196,81,0.1374738311235171,0.34355400696864113,0.21696801112656466,0.6173611111111111,0.11373092926490985,0.28581757791894874,0.1841817332673017
81,0.4691063404083252,0.151022449460264,0.0012003421783447266,0.00039963740719880955,0.01,"(100, 25, 100)",2,"{'NN__alpha': 0.01, 'NN__hidden_layer_sizes': (100, 25, 100), 'km__n_clusters': 2}",0.17582417582417584,0.1574585635359116,0.2618384401114206,0.11484593837535013,0.14929577464788732,0.17195325542570952,0.04907889658624086,119,0.18632240055826937,0.1672473867595819,0.2753824756606398,0.12430555555555556,0.1421636615811373,0.17908429602303677,0.05259217743065277
82,0.43609910011291503,0.04293748690787262,0.0014002799987792968,0.0004900376712804197,0.01,"(100, 25, 100)",5,"{'NN__alpha': 0.01, 'NN__hidden_layer_sizes': (100, 25, 100), 'km__n_clusters': 5}",0.1401098901098901,0.1574585635359116,0.17548746518105848,0.12324929971988796,0.10140845070422536,0.13967723984418476,0.02574584736380145,143,0.16468946266573622,0.16376306620209058,0.2121001390820584,0.11041666666666666,0.10471567267683772,0.15113700145867792,0.03968041405027444
83,0.5237193584442139,0.05063800078472048,0.0016000747680664062,0.0004899211257710383,0.01,"(100, 25, 100)",10,"{'NN__alpha': 0.01, 'NN__hidden_layer_sizes': (100, 25, 100), 'km__n_clusters': 10}",0.17307692307692307,0.23204419889502761,0.22284122562674094,0.20728291316526612,0.16901408450704225,0.20089037284362826,0.02563834946759378,100,0.21284019539427773,0.2564459930313589,0.2573018080667594,0.21944444444444444,0.19625520110957004,0.2284575284092821,0.024402759177750956
84,0.9162076950073242,0.33754962241943065,0.001200246810913086,0.00040004260136888896,0.01,"(100, 25, 100)",15,"{'NN__alpha': 0.01, 'NN__hidden_layer_sizes': (100, 25, 100), 'km__n_clusters': 15}",0.40384615384615385,0.2292817679558011,0.6128133704735376,0.45098039215686275,0.23661971830985915,0.3867557039510295,0.14330427308754107,34,0.48499651081646894,0.26480836236933797,0.778164116828929,0.5666666666666667,0.2753120665742025,0.4739895446511211,0.19207388157925637
85,0.7701749324798584,0.26787316622304613,0.0014002799987792968,0.0004900377176796412,0.01,"(100, 25, 100)",20,"{'NN__alpha': 0.01, 'NN__hidden_layer_sizes': (100, 25, 100), 'km__n_clusters': 20}",0.1813186813186813,0.18232044198895028,0.47075208913649025,0.3557422969187675,0.18028169014084508,0.27378964941569284,0.11928668899863797,69,0.23098394975575715,0.18118466898954705,0.586230876216968,0.41805555555555557,0.20180305131761442,0.3236516203670884,0.1559430484327469
86,1.2768897533416748,0.29914362434183567,0.0014003753662109376,0.0004900571400079585,0.01,"(100, 25, 100)",25,"{'NN__alpha': 0.01, 'NN__hidden_layer_sizes': (100, 25, 100), 'km__n_clusters': 25}",0.45879120879120877,0.5966850828729282,0.6323119777158774,0.42016806722689076,0.5295774647887324,0.5275459098497496,0.08002913922898623,12,0.5380321004884857,0.7574912891986063,0.7899860917941586,0.4861111111111111,0.6449375866851595,0.6433116358555042,0.1186160347723355
87,1.2550848960876464,0.2673456687929347,0.00100250244140625,4.2123914385524325e-06,0.01,"(100, 25, 100)",30,"{'NN__alpha': 0.01, 'NN__hidden_layer_sizes': (100, 25, 100), 'km__n_clusters': 30}",0.23351648351648352,0.6408839779005525,0.5793871866295265,0.6946778711484594,0.5549295774647888,0.5397885364496383,0.16181510302864444,9,0.29867411025819957,0.8139372822299652,0.6773296244784422,0.7652777777777777,0.7087378640776699,0.652791331764411,0.1831678829613107
88,1.3821136951446533,0.40813575595648455,0.0012001514434814454,0.00040009028507666505,0.01,"(100, 25, 100)",35,"{'NN__alpha': 0.01, 'NN__hidden_layer_sizes': (100, 25, 100), 'km__n_clusters': 35}",0.1510989010989011,0.7320441988950276,0.7186629526462396,0.6330532212885154,0.6028169014084507,0.5664997217584864,0.2150349355121649,7,0.1688764829030007,0.8445993031358885,0.847009735744089,0.6208333333333333,0.6823855755894591,0.6327408861411542,0.24842370996241794
89,1.4181221008300782,0.35465280421303025,0.0012000083923339843,0.00040004271504360373,0.01,"(100, 25, 100)",40,"{'NN__alpha': 0.01, 'NN__hidden_layer_sizes': (100, 25, 100), 'km__n_clusters': 40}",0.6813186813186813,0.6574585635359116,0.6935933147632312,0.6918767507002801,0.5774647887323944,0.6605453533667223,0.043198569167208815,2,0.8115840893230984,0.7651567944250871,0.8025034770514604,0.7569444444444444,0.6844660194174758,0.7641309649323133,0.044996556862796196
90,0.35628132820129393,0.11158055951197741,0.000601816177368164,0.0004913917019243046,0.001,"(50, 50)",2,"{'NN__alpha': 0.001, 'NN__hidden_layer_sizes': (50, 50), 'km__n_clusters': 2}",0.14835164835164835,0.12430939226519337,0.233983286908078,0.16526610644257703,0.1323943661971831,0.16082359488035614,0.03915299907746722,128,0.1779483600837404,0.15609756097560976,0.26008344923504867,0.17777777777777778,0.12274618585298197,0.17893066678503172,0.045312503346000094
91,0.4861104488372803,0.11272850871474564,0.001000213623046875,1.784161275279017e-07,0.001,"(50, 50)",5,"{'NN__alpha': 0.001, 'NN__hidden_layer_sizes': (50, 50), 'km__n_clusters': 5}",0.14835164835164835,0.2596685082872928,0.18384401114206128,0.17086834733893558,0.15211267605633802,0.18308291597106288,0.04056026566220787,107,0.15771109560362875,0.375609756097561,0.20097357440890126,0.19791666666666666,0.15187239944521497,0.21681669844439452,0.0818958914707083
92,0.4921140193939209,0.053862941641732644,0.0009999752044677734,2.78041453115716e-07,0.001,"(50, 50)",10,"{'NN__alpha': 0.001, 'NN__hidden_layer_sizes': (50, 50), 'km__n_clusters': 10}",0.16483516483516483,0.2513812154696133,0.2200557103064067,0.24649859943977592,0.17183098591549295,0.2109070673344463,0.03646901234400599,94,0.2107466852756455,0.29895470383275263,0.2482614742698192,0.3076388888888889,0.15325936199722606,0.24377222285286648,0.0573192371346198
93,0.8437915802001953,0.14345853213522033,0.0010000705718994141,1.9073486328125e-07,0.001,"(50, 50)",15,"{'NN__alpha': 0.001, 'NN__hidden_layer_sizes': (50, 50), 'km__n_clusters': 15}",0.2774725274725275,0.3453038674033149,0.5348189415041783,0.44537815126050423,0.2591549295774648,0.3722871452420701,0.1040905840084105,37,0.3845080251221214,0.41602787456445994,0.6620305980528511,0.5111111111111111,0.32524271844660196,0.4597840654594291,0.11766102677430526
94,0.7587721347808838,0.24770394342602728,0.0010001659393310547,1.5078914929239175e-07,0.001,"(50, 50)",20,"{'NN__alpha': 0.001, 'NN__hidden_layer_sizes': (50, 50), 'km__n_clusters': 20}",0.45604395604395603,0.19613259668508287,0.6323119777158774,0.22969187675070027,0.21690140845070421,0.34668892598775736,0.1712705336439248,46,0.5638520586182834,0.23693379790940766,0.7517385257301809,0.28055555555555556,0.23092926490984744,0.412801840544655,0.20937551290752843
95,1.1902703762054443,0.20949159386920194,0.0010001182556152344,2.78041453115716e-07,0.001,"(50, 50)",25,"{'NN__alpha': 0.001, 'NN__hidden_layer_sizes': (50, 50), 'km__n_clusters': 25}",0.5247252747252747,0.6519337016574586,0.6824512534818942,0.29411764705882354,0.49295774647887325,0.5297718419588202,0.13772659923305192,11,0.6127006280530356,0.8278745644599304,0.8310152990264256,0.3451388888888889,0.6171983356449375,0.6467855432146437,0.17875218874257903
96,0.8435914039611816,0.24913763483597146,0.0010002613067626952,2.4314019744838644e-07,0.001,"(50, 50)",30,"{'NN__alpha': 0.001, 'NN__hidden_layer_sizes': (50, 50), 'km__n_clusters': 30}",0.12362637362637363,0.574585635359116,0.5598885793871866,0.6078431372549019,0.10422535211267606,0.39398998330550916,0.22923258056304163,31,0.1270062805303559,0.6090592334494773,0.6849791376912379,0.6430555555555556,0.11650485436893204,0.43612101231911177,0.2578240896066961
97,0.9464149951934815,0.2694733326084705,0.0010001659393310547,2.611744678045111e-07,0.001,"(50, 50)",35,"{'NN__alpha': 0.001, 'NN__hidden_layer_sizes': (50, 50), 'km__n_clusters': 35}",0.39285714285714285,0.6685082872928176,0.6768802228412256,0.23249299719887956,0.11549295774647887,0.41847523650528656,0.2259934147978459,23,0.4668527564549895,0.7644599303135888,0.8198887343532685,0.2534722222222222,0.15048543689320387,0.49103181604745466,0.26679611327190916
98,1.043837070465088,0.33645614210899455,0.0010001659393310547,2.611744678045111e-07,0.001,"(50, 50)",40,"{'NN__alpha': 0.001, 'NN__hidden_layer_sizes': (50, 50), 'km__n_clusters': 40}",0.6428571428571429,0.6160220994475138,0.1532033426183844,0.33613445378151263,0.3267605633802817,0.41624930439621594,0.1874076490310908,24,0.7292393579902303,0.7379790940766551,0.14534075104311545,0.39444444444444443,0.41262135922330095,0.4839250013555493,0.22470108571411476
99,0.20404834747314454,0.018036155213102624,0.0006000041961669922,0.0004899013824479931,0.001,"(50,)",2,"{'NN__alpha': 0.001, 'NN__hidden_layer_sizes': (50,), 'km__n_clusters': 2}",0.10164835164835165,0.10220994475138122,0.13649025069637882,0.12885154061624648,0.10422535211267606,0.11463550361713967,0.014907886382856228,174,0.11444521981856245,0.11219512195121951,0.14255910987482615,0.11597222222222223,0.11095700416088766,0.11922573560554359,0.01179564736142662
100,0.32607388496398926,0.020770271196565944,0.0010000705718994141,1.9073486328124998e-07,0.001,"(50,)",5,"{'NN__alpha': 0.001, 'NN__hidden_layer_sizes': (50,), 'km__n_clusters': 5}",0.1620879120879121,0.08839779005524862,0.09749303621169916,0.0784313725490196,0.15211267605633802,0.11574846967167501,0.034498180164358724,171,0.15212840195394278,0.09686411149825784,0.10013908205841446,0.09861111111111111,0.16296809986130376,0.122142161296606,0.029129907342284413
101,0.4318980693817139,0.08458211171229695,0.0008000850677490235,0.0004000426013688889,0.001,"(50,)",10,"{'NN__alpha': 0.001, 'NN__hidden_layer_sizes': (50,), 'km__n_clusters': 10}",0.11263736263736264,0.2541436464088398,0.25348189415041783,0.15406162464985995,0.17183098591549295,0.18920422927100725,0.05627977478152459,105,0.12212142358688068,0.2843205574912892,0.28372739916550765,0.1673611111111111,0.2260748959778086,0.21672107746651942,0.06408202799653609
102,0.5119161128997802,0.12938940178077615,0.000800180435180664,0.00040009025666136835,0.001,"(50,)",15,"{'NN__alpha': 0.001, 'NN__hidden_layer_sizes': (50,), 'km__n_clusters': 15}",0.18406593406593408,0.10773480662983426,0.39275766016713093,0.1876750700280112,0.1352112676056338,0.20144685587089595,0.10023210080809283,99,0.24284717376133985,0.11428571428571428,0.5361613351877608,0.1701388888888889,0.12413314840499307,0.23751325210573934,0.15607594757684337
103,0.5545257568359375,0.16997393528946234,0.0008004188537597656,0.0004002094694901353,0.001,"(50,)",20,"{'NN__alpha': 0.001, 'NN__hidden_layer_sizes': (50,), 'km__n_clusters': 20}",0.47802197802197804,0.17679558011049723,0.2785515320334262,0.18487394957983194,0.12394366197183099,0.2493043962159154,0.1255211214105651,78,0.6022330774598744,0.15261324041811847,0.33588317107093185,0.2111111111111111,0.1407766990291262,0.2885234598178324,0.1714351371476791
104,0.6009365081787109,0.12384755268116054,0.0010001182556152344,9.536743164062499e-08,0.001,"(50,)",25,"{'NN__alpha': 0.001, 'NN__hidden_layer_sizes': (50,), 'km__n_clusters': 25}",0.25,0.19060773480662985,0.403899721448468,0.18487394957983194,0.2056338028169014,0.24707846410684475,0.08164115029407991,79,0.2868108862526169,0.21881533101045297,0.5076495132127955,0.24444444444444444,0.1768377253814147,0.2869115800603449,0.11600177196717393
105,0.778376579284668,0.21784875274211113,0.001000356674194336,3.1629798797182086e-07,0.001,"(50,)",30,"{'NN__alpha': 0.001, 'NN__hidden_layer_sizes': (50,), 'km__n_clusters': 30}",0.554945054945055,0.4447513812154696,0.4818941504178273,0.27170868347338933,0.14366197183098592,0.3806343906510851,0.14993996415303337,36,0.6678297278436846,0.5038327526132405,0.5855354659248957,0.27569444444444446,0.12413314840499307,0.43140510784625163,0.20177234681926862
106,0.7867785453796386,0.2054046676673023,0.001000213623046875,9.536743164062499e-08,0.001,"(50,)",35,"{'NN__alpha': 0.001, 'NN__hidden_layer_sizes': (50,), 'km__n_clusters': 35}",0.38461538461538464,0.1464088397790055,0.532033426183844,0.45098039215686275,0.07042253521126761,0.31719532554257096,0.17777340111667164,57,0.4521981856245639,0.17770034843205576,0.6432545201668984,0.5402777777777777,0.1144244105409154,0.3855710485084422,0.20567199433992
107,0.6397452831268311,0.04800505280598523,0.0008001327514648438,0.0004000663757324219,0.001,"(50,)",40,"{'NN__alpha': 0.001, 'NN__hidden_layer_sizes': (50,), 'km__n_clusters': 40}",0.23076923076923078,0.24033149171270718,0.19498607242339833,0.2184873949579832,0.15774647887323945,0.20868113522537562,0.02949089582846172,96,0.17096999302163293,0.23414634146341465,0.1787204450625869,0.23055555555555557,0.12205270457697642,0.18728900793603329,0.04162477541478432
108,0.23705358505249025,0.03588580510412807,0.0006001472473144531,0.000490018183218949,0.001,"(25,)",2,"{'NN__alpha': 0.001, 'NN__hidden_layer_sizes': (25,), 'km__n_clusters': 2}",0.08241758241758242,0.1270718232044199,0.1894150417827298,0.09243697478991597,0.10422535211267606,0.11908736783528102,0.03818441952715497,166,0.0928122819260293,0.09547038327526132,0.16481223922114047,0.08888888888888889,0.11650485436893204,0.1116977295360504,0.028229380786735075
109,0.3558810234069824,0.06736023252676908,0.0006001472473144531,0.000490018183218949,0.001,"(25,)",5,"{'NN__alpha': 0.001, 'NN__hidden_layer_sizes': (25,), 'km__n_clusters': 5}",0.1565934065934066,0.13535911602209943,0.14484679665738162,0.2184873949579832,0.14647887323943662,0.16026711185308848,0.02976857770302799,130,0.1374738311235171,0.12961672473867597,0.14255910987482615,0.22708333333333333,0.1393897364771151,0.15522454710949352,0.03618200704842736
110,0.386887788772583,0.09899806367220619,0.0008000850677490235,0.00040004257295020516,0.001,"(25,)",10,"{'NN__alpha': 0.001, 'NN__hidden_layer_sizes': (25,), 'km__n_clusters': 10}",0.07417582417582418,0.2900552486187845,0.13370473537604458,0.1568627450980392,0.12394366197183099,0.15581524763494714,0.07265511171896692,132,0.11723656664340544,0.3170731707317073,0.15438108484005564,0.14305555555555555,0.09986130374479889,0.16632153630310453,0.07776404346789009
111,0.43770132064819334,0.08172263542977806,0.0006000995635986328,0.0004899792418945042,0.001,"(25,)",15,"{'NN__alpha': 0.001, 'NN__hidden_layer_sizes': (25,), 'km__n_clusters': 15}",0.18956043956043955,0.0856353591160221,0.1392757660167131,0.1568627450980392,0.29295774647887324,0.17250973845297718,0.06866261665544501,118,0.16817864619678996,0.0843205574912892,0.15299026425591097,0.13541666666666666,0.27947295423023577,0.1640758177681785,0.06424713267551212
112,0.41869516372680665,0.02673148365621161,0.000800180435180664,0.0004000902282460696,0.001,"(25,)",20,"{'NN__alpha': 0.001, 'NN__hidden_layer_sizes': (25,), 'km__n_clusters': 20}",0.12362637362637363,0.1685082872928177,0.16991643454038996,0.0700280112044818,0.15492957746478872,0.13745130773511408,0.037510516982779296,148,0.10676901605024425,0.16376306620209058,0.11821974965229486,0.09722222222222222,0.13592233009708737,0.12437927684478786,0.023536744119719396
113,0.5113158226013184,0.06381825520263716,0.0006000041961669922,0.0004899013824479931,0.001,"(25,)",25,"{'NN__alpha': 0.001, 'NN__hidden_layer_sizes': (25,), 'km__n_clusters': 25}",0.0989010989010989,0.2513812154696133,0.09749303621169916,0.12885154061624648,0.16338028169014085,0.14802448525319978,0.05718834421234538,137,0.11863224005582694,0.2780487804878049,0.10083449235048679,0.12708333333333333,0.15950069348127602,0.1568199079417456,0.06353039391792012
114,0.4955126285552979,0.02516583299602088,0.0008000850677490235,0.0004000426582062504,0.001,"(25,)",30,"{'NN__alpha': 0.001, 'NN__hidden_layer_sizes': (25,), 'km__n_clusters': 30}",0.08241758241758242,0.1408839779005525,0.1309192200557103,0.15406162464985995,0.19154929577464788,0.13967723984418476,0.035389304443645346,143,0.08932309839497557,0.1456445993031359,0.15229485396383866,0.1673611111111111,0.1955617198335645,0.15003707652132514,0.034880349419677
115,0.535321569442749,0.02308207161235865,0.0008000373840332031,0.0004000187630675486,0.001,"(25,)",35,"{'NN__alpha': 0.001, 'NN__hidden_layer_sizes': (25,), 'km__n_clusters': 35}",0.14285714285714285,0.13259668508287292,0.10863509749303621,0.16806722689075632,0.11549295774647887,0.1335559265442404,0.021044030281009252,157,0.15143056524773202,0.1254355400696864,0.14881780250347706,0.15486111111111112,0.1262135922330097,0.14135172223300327,0.012824327300355676
116,0.628342580795288,0.15464650803074198,0.0008002281188964844,0.00040011418730945476,0.001,"(25,)",40,"{'NN__alpha': 0.001, 'NN__hidden_layer_sizes': (25,), 'km__n_clusters': 40}",0.10714285714285714,0.1270718232044199,0.5041782729805014,0.11764705882352941,0.09577464788732394,0.19031719532554256,0.157168136918989,104,0.1479413817166783,0.11916376306620209,0.6154381084840056,0.12916666666666668,0.08737864077669903,0.21981771214205031,0.19878160981924015
117,0.24565567970275878,0.023248410239866003,0.0008000850677490235,0.00040004257295020516,0.001,"(25, 25)",2,"{'NN__alpha': 0.001, 'NN__hidden_layer_sizes': (25, 25), 'km__n_clusters': 2}",0.09615384615384616,0.10497237569060773,0.0584958217270195,0.11764705882352941,0.11549295774647887,0.09849749582637729,0.02142759838694667,180,0.09071877180739707,0.10801393728222997,0.1105702364394993,0.12430555555555556,0.11997226074895978,0.11071615236672834,0.011641012915271183
118,0.37168445587158205,0.03911706427993837,0.0008000850677490235,0.00040004260136888896,0.001,"(25, 25)",5,"{'NN__alpha': 0.001, 'NN__hidden_layer_sizes': (25, 25), 'km__n_clusters': 5}",0.14285714285714285,0.13259668508287292,0.08635097493036212,0.17647058823529413,0.11549295774647887,0.13077351140790205,0.029756717894566867,159,0.14863921842288905,0.13031358885017422,0.09040333796940195,0.14027777777777778,0.13592233009708737,0.12911125062346604,0.02025917953869469
119,0.43529858589172366,0.11360291412427793,0.0004001617431640625,0.0004900960426673039,0.001,"(25, 25)",10,"{'NN__alpha': 0.001, 'NN__hidden_layer_sizes': (25, 25), 'km__n_clusters': 10}",0.14835164835164835,0.12154696132596685,0.12813370473537605,0.29971988795518206,0.17464788732394365,0.17417918753478018,0.06517523595920571,117,0.13119330076762037,0.13449477351916375,0.13630041724617525,0.34097222222222223,0.18030513176144244,0.1846531691033248,0.08020768364554881
120,0.49831528663635255,0.09143336937210969,0.0010001659393310547,2.132480599880018e-07,0.001,"(25, 25)",15,"{'NN__alpha': 0.001, 'NN__hidden_layer_sizes': (25, 25), 'km__n_clusters': 15}",0.1346153846153846,0.27348066298342544,0.2618384401114206,0.11204481792717087,0.10422535211267606,0.1775180856983862,0.07457322186846026,111,0.1716678297278437,0.2662020905923345,0.3219749652294854,0.12638888888888888,0.108876560332871,0.19902206695428468,0.08219563976809478
121,0.44170050621032714,0.017549706413455875,0.0010000228881835937,1.1680077279964342e-07,0.001,"(25, 25)",20,"{'NN__alpha': 0.001, 'NN__hidden_layer_sizes': (25, 25), 'km__n_clusters': 20}",0.12362637362637363,0.09944751381215469,0.15877437325905291,0.15406162464985995,0.15211267605633802,0.13745130773511408,0.022754618045684544,148,0.1360781577110956,0.14006968641114984,0.15229485396383866,0.14375,0.1463245492371706,0.1437034494646509,0.005514233772598609
122,0.6379448890686035,0.10022901824557866,0.0008000373840332031,0.000400018706226792,0.001,"(25, 25)",25,"{'NN__alpha': 0.001, 'NN__hidden_layer_sizes': (25, 25), 'km__n_clusters': 25}",0.28296703296703296,0.11878453038674033,0.25069637883008355,0.2549019607843137,0.24788732394366197,0.23094045631608237,0.05771520114373663,82,0.34752267969295186,0.10801393728222997,0.28929068150208626,0.2326388888888889,0.2697642163661581,0.24944608074646304,0.07988112544070777
123,0.8001818180084228,0.2950543414244195,0.0010000705718994141,3.568322550558034e-07,0.001,"(25, 25)",30,"{'NN__alpha': 0.001, 'NN__hidden_layer_sizes': (25, 25), 'km__n_clusters': 30}",0.18681318681318682,0.3867403314917127,0.12813370473537605,0.5266106442577031,0.323943661971831,0.3099610461880913,0.14222399399814528,59,0.1856245638520586,0.38606271777003487,0.15090403337969402,0.6416666666666667,0.34257975034674065,0.341367546403039,0.17476322028396243
124,0.9084062576293945,0.18537364979920948,0.0010001182556152344,1.784161275279017e-07,0.001,"(25, 25)",35,"{'NN__alpha': 0.001, 'NN__hidden_layer_sizes': (25, 25), 'km__n_clusters': 35}",0.3021978021978022,0.43646408839779005,0.4596100278551532,0.19887955182072828,0.5154929577464789,0.3823038397328882,0.11520869828169279,35,0.36427076064200975,0.5205574912891986,0.5382475660639777,0.2611111111111111,0.5700416088765603,0.45084570759657155,0.11849128159894182
125,0.7995814800262451,0.19493183687083096,0.0010002613067626952,3.8738433859996607e-07,0.001,"(25, 25)",40,"{'NN__alpha': 0.001, 'NN__hidden_layer_sizes': (25, 25), 'km__n_clusters': 40}",0.11263736263736264,0.31215469613259667,0.1671309192200557,0.21288515406162464,0.4676056338028169,0.25375626043405675,0.12484474464339712,74,0.15771109560362875,0.34425087108013935,0.21696801112656466,0.23333333333333334,0.5374479889042996,0.2979422600095932,0.13409206053435774
126,0.4104930400848389,0.10347925455929383,0.0010002613067626952,2.431401974483864e-07,0.001,"(100, 25, 100)",2,"{'NN__alpha': 0.001, 'NN__hidden_layer_sizes': (100, 25, 100), 'km__n_clusters': 2}",0.16483516483516483,0.1574585635359116,0.22841225626740946,0.11764705882352941,0.16619718309859155,0.1669449081803005,0.035450757031736474,121,0.18771807397069085,0.17212543554006968,0.2670375521557719,0.12361111111111112,0.13730929264909847,0.17756029308534838,0.05033796847632242
127,0.5513256549835205,0.2638564023384079,0.0014003753662109376,0.0004901545416285545,0.001,"(100, 25, 100)",5,"{'NN__alpha': 0.001, 'NN__hidden_layer_sizes': (100, 25, 100), 'km__n_clusters': 5}",0.260989010989011,0.17679558011049723,0.17270194986072424,0.11764705882352941,0.10140845070422536,0.16638842515303284,0.05611289021507927,123,0.3335659455687369,0.18606271777003483,0.20653685674547984,0.10833333333333334,0.10402219140083217,0.18770420896368342,0.08358878547146366
128,0.9132070064544677,0.3548091307607447,0.001000213623046875,9.536743164062499e-08,0.001,"(100, 25, 100)",10,"{'NN__alpha': 0.001, 'NN__hidden_layer_sizes': (100, 25, 100), 'km__n_clusters': 10}",0.18406593406593408,0.4585635359116022,0.403899721448468,0.5042016806722689,0.19718309859154928,0.3494713411240957,0.13367487145231965,45,0.21772505233775297,0.6125435540069687,0.45827538247566063,0.5763888888888888,0.22330097087378642,0.41764676971661147,0.16886295254336892
129,0.9060056209564209,0.4075977031534851,0.0012004375457763672,0.00040030483691162467,0.001,"(100, 25, 100)",15,"{'NN__alpha': 0.001, 'NN__hidden_layer_sizes': (100, 25, 100), 'km__n_clusters': 15}",0.3543956043956044,0.26243093922651933,0.6323119777158774,0.226890756302521,0.23661971830985915,0.3427935447968837,0.15155688996287492,48,0.4549895324494068,0.33797909407665505,0.7934631432545202,0.26458333333333334,0.27600554785020803,0.4254041301928247,0.19604547185336982
130,0.8834004402160645,0.3890017455535605,0.001400327682495117,0.0004899987222241536,0.001,"(100, 25, 100)",20,"{'NN__alpha': 0.001, 'NN__hidden_layer_sizes': (100, 25, 100), 'km__n_clusters': 20}",0.15934065934065933,0.18232044198895028,0.44846796657381616,0.5826330532212886,0.16338028169014085,0.30662214802448523,0.1752542915596083,61,0.17236566643405443,0.1902439024390244,0.5778859527121002,0.6847222222222222,0.19764216366158113,0.36457198149379644,0.22054393563762328
131,0.9972264766693115,0.3589672166956189,0.001200389862060547,0.0003999712072671187,0.001,"(100, 25, 100)",25,"{'NN__alpha': 0.001, 'NN__hidden_layer_sizes': (100, 25, 100), 'km__n_clusters': 25}",0.30494505494505497,0.3397790055248619,0.6629526462395543,0.3697478991596639,0.3154929577464789,0.3984418475236505,0.13403132490700634,29,0.3363572923935799,0.4348432055749129,0.8122392211404729,0.4423611111111111,0.39528432732316227,0.4842170315086477,0.16826156897844244
132,1.5189449310302734,0.34902702799936913,0.0012003421783447266,0.00039999505977144224,0.001,"(100, 25, 100)",30,"{'NN__alpha': 0.001, 'NN__hidden_layer_sizes': (100, 25, 100), 'km__n_clusters': 30}",0.2087912087912088,0.7651933701657458,0.6601671309192201,0.711484593837535,0.6619718309859155,0.6004451864218141,0.2011187635181185,5,0.2909979064898814,0.864808362369338,0.7906815020862309,0.7763888888888889,0.7718446601941747,0.6989442640057029,0.20671670869805622
133,1.4503291130065918,0.19839396245173255,0.0014004230499267579,0.0004900182296200158,0.001,"(100, 25, 100)",35,"{'NN__alpha': 0.001, 'NN__hidden_layer_sizes': (100, 25, 100), 'km__n_clusters': 35}",0.6153846153846154,0.6988950276243094,0.6657381615598886,0.6022408963585434,0.6422535211267606,0.6449638286032277,0.03483432950969583,4,0.6950453593859037,0.8236933797909408,0.8171070931849791,0.6277777777777778,0.688626907073509,0.7304501034426221,0.077133682096805
134,1.2936933994293214,0.25172033404018446,0.0014002323150634766,0.0004898819678685542,0.001,"(100, 25, 100)",40,"{'NN__alpha': 0.001, 'NN__hidden_layer_sizes': (100, 25, 100), 'km__n_clusters': 40}",0.29120879120879123,0.7430939226519337,0.6963788300835655,0.7226890756302521,0.5267605633802817,0.5954368391764051,0.17124327449167087,6,0.3000697836706211,0.8731707317073171,0.8184979137691237,0.7888888888888889,0.6449375866851595,0.6851129809442221,0.2067844399692908
135,0.2884658336639404,0.028520018005225023,0.0010000705718994141,1.1680077279964343e-07,0.0001,"(50, 50)",2,"{'NN__alpha': 0.0001, 'NN__hidden_layer_sizes': (50, 50), 'km__n_clusters': 2}",0.1510989010989011,0.12430939226519337,0.14763231197771587,0.16526610644257703,0.14929577464788732,0.14746800222593212,0.01320255480601482,139,0.17445917655268667,0.15609756097560976,0.18219749652294853,0.17708333333333334,0.13522884882108183,0.16501328324113204,0.017302085614368464
136,0.49651269912719725,0.16500878900774435,0.0008002758026123047,0.0004001381392558641,0.0001,"(50, 50)",5,"{'NN__alpha': 0.0001, 'NN__hidden_layer_sizes': (50, 50), 'km__n_clusters': 5}",0.19230769230769232,0.3011049723756906,0.17827298050139276,0.16806722689075632,0.15492957746478872,0.19922092376182526,0.05261932074713019,101,0.1884159106769016,0.41533101045296167,0.18497913769123783,0.20625,0.16158113730929266,0.23131143922607875,0.09310241873447017
137,0.51931791305542,0.06737514267648528,0.0010000705718994141,2.431401974483864e-07,0.0001,"(50, 50)",10,"{'NN__alpha': 0.0001, 'NN__hidden_layer_sizes': (50, 50), 'km__n_clusters': 10}",0.16483516483516483,0.2900552486187845,0.17827298050139276,0.27450980392156865,0.21971830985915494,0.22537562604340566,0.050143046090013924,84,0.21144452198185626,0.3574912891986063,0.21070931849791377,0.31666666666666665,0.2510402219140083,0.2694704036518102,0.058540077222253566
138,0.7531713485717774,0.22589422974765924,0.0008000850677490235,0.0004000426582062504,0.0001,"(50, 50)",15,"{'NN__alpha': 0.0001, 'NN__hidden_layer_sizes': (50, 50), 'km__n_clusters': 15}",0.20054945054945056,0.1712707182320442,0.5571030640668524,0.45098039215686275,0.30422535211267604,0.3361157484696717,0.14756373668645306,52,0.24842986741102582,0.1686411149825784,0.7378303198887344,0.5166666666666667,0.38072122052704577,0.4104578378952102,0.2020226296173445
139,0.6357462406158447,0.1526663698757166,0.0009982585906982422,3.8236275094469935e-06,0.0001,"(50, 50)",20,"{'NN__alpha': 0.0001, 'NN__hidden_layer_sizes': (50, 50), 'km__n_clusters': 20}",0.47802197802197804,0.20165745856353592,0.27298050139275765,0.2689075630252101,0.21971830985915494,0.2888146911519199,0.09926619271794888,65,0.5875785066294487,0.23344947735191637,0.2614742698191933,0.3416666666666667,0.22260748959778087,0.3293552820130012,0.13566993056169507
140,1.011429738998413,0.28674420075413887,0.0010000705718994141,1.1680077279964343e-07,0.0001,"(50, 50)",25,"{'NN__alpha': 0.0001, 'NN__hidden_layer_sizes': (50, 50), 'km__n_clusters': 25}",0.5164835164835165,0.585635359116022,0.6350974930362117,0.06162464985994398,0.39436619718309857,0.43962159154145797,0.20473224261901235,20,0.6287508722958828,0.7421602787456446,0.7844228094575799,0.10972222222222222,0.49514563106796117,0.5520403627578581,0.24286376189291944
141,1.0568397521972657,0.40248662134745455,0.001000356674194336,1.784161275279017e-07,0.0001,"(50, 50)",30,"{'NN__alpha': 0.0001, 'NN__hidden_layer_sizes': (50, 50), 'km__n_clusters': 30}",0.2087912087912088,0.6187845303867403,0.6963788300835655,0.7394957983193278,0.10422535211267606,0.47356705620478573,0.26337165547797825,16,0.2435450104675506,0.6878048780487804,0.8539638386648123,0.7986111111111112,0.11650485436893204,0.5400859385322373,0.30150719494529155
142,1.0146302700042724,0.31695435242896286,0.0010001182556152344,2.3360154559928684e-07,0.0001,"(50, 50)",35,"{'NN__alpha': 0.0001, 'NN__hidden_layer_sizes': (50, 50), 'km__n_clusters': 35}",0.3021978021978022,0.6353591160220995,0.4568245125348189,0.5882352941176471,0.11549295774647887,0.4201446855870896,0.1906976332058179,22,0.37264480111653875,0.7658536585365854,0.6356050069541029,0.6756944444444445,0.14771151178918168,0.5195018845681707,0.22731490561637624
143,1.2362804412841797,0.5302134885179437,0.0010002613067626952,1.1680077279964343e-07,0.0001,"(50, 50)",40,"{'NN__alpha': 0.0001, 'NN__hidden_layer_sizes': (50, 50), 'km__n_clusters': 40}",0.7307692307692307,0.6049723756906077,0.1532033426183844,0.46218487394957986,0.3211267605633803,0.4557595993322204,0.20416039031524016,19,0.8443824145150035,0.7777003484320557,0.14534075104311545,0.5347222222222222,0.41262135922330095,0.5429534190871396,0.2534228057380732
144,0.205246639251709,0.015028491394802442,0.0008002281188964844,0.0004001141304822542,0.0001,"(50,)",2,"{'NN__alpha': 0.0001, 'NN__hidden_layer_sizes': (50,), 'km__n_clusters': 2}",0.10164835164835165,0.10220994475138122,0.13649025069637882,0.12885154061624648,0.10422535211267606,0.11463550361713967,0.014907886382856228,174,0.11444521981856245,0.11219512195121951,0.14255910987482615,0.11597222222222223,0.11095700416088766,0.11922573560554359,0.01179564736142662
145,0.34047751426696776,0.06086657416506262,0.0008001327514648438,0.0004000665178173663,0.0001,"(50,)",5,"{'NN__alpha': 0.0001, 'NN__hidden_layer_sizes': (50,), 'km__n_clusters': 5}",0.1620879120879121,0.08839779005524862,0.09749303621169916,0.0784313725490196,0.15211267605633802,0.11574846967167501,0.034498180164358724,171,0.20237264480111655,0.09686411149825784,0.10013908205841446,0.09930555555555555,0.16296809986130376,0.13232989875492965,0.04296362095959662
146,0.39288921356201173,0.03900342999808982,0.0006001472473144531,0.000490018183218949,0.0001,"(50,)",10,"{'NN__alpha': 0.0001, 'NN__hidden_layer_sizes': (50,), 'km__n_clusters': 10}",0.08791208791208792,0.2569060773480663,0.08913649025069638,0.15406162464985995,0.21690140845070421,0.16082359488035614,0.06777568890843733,128,0.10956036287508723,0.2808362369337979,0.1258692628650904,0.1673611111111111,0.21289875173370318,0.17930514510375797,0.06212806309772493
147,0.5049149990081787,0.11482383202172329,0.0006001472473144531,0.0004900182296200158,0.0001,"(50,)",15,"{'NN__alpha': 0.0001, 'NN__hidden_layer_sizes': (50,), 'km__n_clusters': 15}",0.20054945054945056,0.10773480662983426,0.3593314763231198,0.23249299719887956,0.1352112676056338,0.20701168614357263,0.08818405450448775,97,0.2568039078855548,0.11498257839721254,0.502086230876217,0.2604166666666667,0.12413314840499307,0.2516845064461288,0.13982864410499446
148,0.5225185871124267,0.15086561960937628,0.0010003089904785157,1.9073486328124998e-07,0.0001,"(50,)",20,"{'NN__alpha': 0.0001, 'NN__hidden_layer_sizes': (50,), 'km__n_clusters': 20}",0.42857142857142855,0.17679558011049723,0.2116991643454039,0.1876750700280112,0.11830985915492957,0.22537562604340566,0.10687890604933535,84,0.5875785066294487,0.15261324041811847,0.19541029207232266,0.20972222222222223,0.13800277392510402,0.2566654070534432,0.16755118923296486
149,0.7193633079528808,0.1815916975724216,0.001000213623046875,9.536743164062499e-08,0.0001,"(50,)",25,"{'NN__alpha': 0.0001, 'NN__hidden_layer_sizes': (50,), 'km__n_clusters': 25}",0.38461538461538464,0.20165745856353592,0.5459610027855153,0.19047619047619047,0.22535211267605634,0.3099610461880913,0.13736480095103723,59,0.44312630844382417,0.2146341463414634,0.6780250347705146,0.24513888888888888,0.23300970873786409,0.36278681743651103,0.17802354589747885
150,0.7463691234588623,0.22468906824894358,0.0010002613067626952,1.9073486328124998e-07,0.0001,"(50,)",30,"{'NN__alpha': 0.0001, 'NN__hidden_layer_sizes': (50,), 'km__n_clusters': 30}",0.14285714285714285,0.4558011049723757,0.5877437325905293,0.2661064425770308,0.14366197183098592,0.31942125765164164,0.17638671034678932,56,0.1716678297278437,0.49965156794425086,0.7086230876216968,0.27847222222222223,0.12413314840499307,0.35650957118420135,0.2185079672578217
151,0.860595417022705,0.2167539395575224,0.0010001182556152344,2.3360154559928684e-07,0.0001,"(50,)",35,"{'NN__alpha': 0.0001, 'NN__hidden_layer_sizes': (50,), 'km__n_clusters': 35}",0.33516483516483514,0.1464088397790055,0.6183844011142061,0.453781512605042,0.07042253521126761,0.3249860879243183,0.19934842180921017,54,0.3363572923935799,0.17421602787456447,0.7287899860917941,0.5430555555555555,0.11511789181692095,0.37950735074648295,0.2291962545180282
152,1.039835786819458,0.35252462557918113,0.001000356674194336,1.784161275279017e-07,0.0001,"(50,)",40,"{'NN__alpha': 0.0001, 'NN__hidden_layer_sizes': (50,), 'km__n_clusters': 40}",0.21703296703296704,0.6187845303867403,0.6545961002785515,0.7338935574229691,0.15774647887323945,0.4763494713411241,0.23934406534231414,14,0.1702721563154222,0.759581881533101,0.8045897079276774,0.7902777777777777,0.11927877947295423,0.5288000606053865,0.3143058105964485
153,0.24885663986206055,0.036915745976842725,0.0010002613067626952,1.9073486328124998e-07,0.0001,"(25,)",2,"{'NN__alpha': 0.0001, 'NN__hidden_layer_sizes': (25,), 'km__n_clusters': 2}",0.07967032967032966,0.1270718232044199,0.1894150417827298,0.09243697478991597,0.10422535211267606,0.11853088480801335,0.038730882344565704,168,0.09141660851360782,0.09547038327526132,0.16481223922114047,0.08888888888888889,0.11719833564493759,0.11155729110876722,0.02844715465615315
154,0.3300750255584717,0.03485082044596209,0.0006001472473144531,0.000490018183218949,0.0001,"(25,)",5,"{'NN__alpha': 0.0001, 'NN__hidden_layer_sizes': (25,), 'km__n_clusters': 5}",0.1565934065934066,0.143646408839779,0.14484679665738162,0.12605042016806722,0.13802816901408452,0.1419031719532554,0.009947306994550282,140,0.1388695045359386,0.12752613240418118,0.14255910987482615,0.12222222222222222,0.13106796116504854,0.13244898604044333,0.007404945341077779
155,0.38889036178588865,0.09819122815828352,0.0009981155395507812,4.22371146922656e-06,0.0001,"(25,)",10,"{'NN__alpha': 0.0001, 'NN__hidden_layer_sizes': (25,), 'km__n_clusters': 10}",0.07417582417582418,0.287292817679558,0.12813370473537605,0.1568627450980392,0.12394366197183099,0.15414579855314414,0.07199672039413768,135,0.11723656664340544,0.3191637630662021,0.13421418636995827,0.14305555555555555,0.09986130374479889,0.16270627507598406,0.07961643078067869
156,0.44690141677856443,0.096216094343344,0.001000356674194336,3.1629798797182086e-07,0.0001,"(25,)",15,"{'NN__alpha': 0.0001, 'NN__hidden_layer_sizes': (25,), 'km__n_clusters': 15}",0.2087912087912088,0.0856353591160221,0.1392757660167131,0.1568627450980392,0.30985915492957744,0.17974401780745689,0.0757015760269606,108,0.1779483600837404,0.0843205574912892,0.15299026425591097,0.13541666666666666,0.28779472954230234,0.16769411560798192,0.0674366282445228
157,0.4246965408325195,0.02147671041360838,0.0009999275207519531,2.132480599880018e-07,0.0001,"(25,)",20,"{'NN__alpha': 0.0001, 'NN__hidden_layer_sizes': (25,), 'km__n_clusters': 20}",0.12362637362637363,0.1685082872928177,0.16991643454038996,0.0700280112044818,0.15492957746478872,0.13745130773511408,0.037510516982779296,148,0.10676901605024425,0.16376306620209058,0.11821974965229486,0.09722222222222222,0.13592233009708737,0.12437927684478786,0.023536744119719396
158,0.4719071388244629,0.01817455927133812,0.0006001949310302735,0.0004900571632066482,0.0001,"(25,)",25,"{'NN__alpha': 0.0001, 'NN__hidden_layer_sizes': (25,), 'km__n_clusters': 25}",0.0989010989010989,0.14917127071823205,0.09749303621169916,0.12885154061624648,0.16338028169014085,0.12743461324429606,0.026360005160189708,163,0.11863224005582694,0.21393728222996516,0.10083449235048679,0.12708333333333333,0.15880721220527047,0.14385891203497653,0.03975760394257387
159,0.49811325073242185,0.021813489990294824,0.0010001659393310547,3.9895058943465975e-07,0.0001,"(25,)",30,"{'NN__alpha': 0.0001, 'NN__hidden_layer_sizes': (25,), 'km__n_clusters': 30}",0.08241758241758242,0.1408839779005525,0.1309192200557103,0.15406162464985995,0.19436619718309858,0.14023372287145242,0.036213154942620396,141,0.08932309839497557,0.1456445993031359,0.15229485396383866,0.16666666666666666,0.2045769764216366,0.15170123895005067,0.03727700449770935
160,0.544123649597168,0.026696977231398914,0.000800180435180664,0.0004000902282460696,0.0001,"(25,)",35,"{'NN__alpha': 0.0001, 'NN__hidden_layer_sizes': (25,), 'km__n_clusters': 35}",0.11263736263736264,0.13259668508287292,0.10863509749303621,0.16806722689075632,0.11549295774647887,0.12743461324429606,0.021828746145599758,163,0.1374738311235171,0.1254355400696864,0.14881780250347706,0.15486111111111112,0.12690707350901526,0.13869907166336137,0.01166253778655676
161,0.7389676094055175,0.30828986720771007,0.0010001182556152344,1.784161275279017e-07,0.0001,"(25,)",40,"{'NN__alpha': 0.0001, 'NN__hidden_layer_sizes': (25,), 'km__n_clusters': 40}",0.10989010989010989,0.1270718232044199,0.6545961002785515,0.11764705882352941,0.09577464788732394,0.22092376182526433,0.21692669583254914,89,0.14445219818562458,0.11916376306620209,0.7899860917941586,0.12916666666666668,0.08737864077669903,0.2540294720978702,0.26862935669323773
162,0.24625592231750487,0.019368121054088826,0.0010001182556152344,2.78041453115716e-07,0.0001,"(25, 25)",2,"{'NN__alpha': 0.0001, 'NN__hidden_layer_sizes': (25, 25), 'km__n_clusters': 2}",0.09615384615384616,0.14917127071823205,0.0584958217270195,0.10084033613445378,0.11549295774647887,0.10406232609905398,0.02941512864476937,179,0.09071877180739707,0.1421602787456446,0.1105702364394993,0.10069444444444445,0.11997226074895978,0.11282319843718902,0.017621359543314247
163,0.3886881828308105,0.04953143391903454,0.0006001472473144531,0.000490018183218949,0.0001,"(25, 25)",5,"{'NN__alpha': 0.0001, 'NN__hidden_layer_sizes': (25, 25), 'km__n_clusters': 5}",0.13736263736263737,0.13812154696132597,0.08635097493036212,0.17647058823529413,0.11549295774647887,0.13077351140790205,0.029578494878405866,159,0.14863921842288905,0.16445993031358885,0.09040333796940195,0.14097222222222222,0.13592233009708737,0.13607940780503788,0.024793025481259393
164,0.4853100299835205,0.12984698343699225,0.0008002281188964844,0.00074860860695323,0.0001,"(25, 25)",10,"{'NN__alpha': 0.0001, 'NN__hidden_layer_sizes': (25, 25), 'km__n_clusters': 10}",0.1813186813186813,0.13535911602209943,0.12813370473537605,0.3025210084033613,0.17183098591549295,0.18363939899833054,0.06262100117313293,106,0.23377529658060014,0.13797909407665504,0.1356050069541029,0.3215277777777778,0.1796116504854369,0.20169976517491453,0.06971989403222685
165,0.5517253875732422,0.17949422872303228,0.0010001659393310547,1.5078914929239175e-07,0.0001,"(25, 25)",15,"{'NN__alpha': 0.0001, 'NN__hidden_layer_sizes': (25, 25), 'km__n_clusters': 15}",0.1346153846153846,0.26243093922651933,0.3732590529247911,0.11484593837535013,0.21971830985915494,0.22092376182526433,0.09342248016930534,89,0.1716678297278437,0.2689895470383275,0.5048678720445062,0.12708333333333333,0.22052704576976423,0.258627125582755,0.13195392339234224
166,0.4393018245697021,0.02018856300779289,0.0010002613067626952,3.2340669551493016e-07,0.0001,"(25, 25)",20,"{'NN__alpha': 0.0001, 'NN__hidden_layer_sizes': (25, 25), 'km__n_clusters': 20}",0.12362637362637363,0.09944751381215469,0.1615598885793872,0.15406162464985995,0.15211267605633802,0.13800779076238176,0.02329688625439229,146,0.1360781577110956,0.14146341463414633,0.14673157162726008,0.14375,0.1463245492371706,0.14286953864193452,0.003891725809175755
167,0.6103384494781494,0.12080577172508301,0.001000213623046875,3.504023183989303e-07,0.0001,"(25, 25)",25,"{'NN__alpha': 0.0001, 'NN__hidden_layer_sizes': (25, 25), 'km__n_clusters': 25}",0.2802197802197802,0.11878453038674033,0.2590529247910863,0.21288515406162464,0.21971830985915494,0.21814134668892599,0.05576386322691918,91,0.33845080251221216,0.10801393728222997,0.28303198887343534,0.16805555555555557,0.260748959778086,0.23166024880030384,0.08273257943684507
168,0.6389448165893554,0.09141723361387773,0.0010004997253417968,2.431401974483864e-07,0.0001,"(25, 25)",30,"{'NN__alpha': 0.0001, 'NN__hidden_layer_sizes': (25, 25), 'km__n_clusters': 30}",0.17582417582417584,0.3839779005524862,0.12813370473537605,0.12885154061624648,0.30985915492957744,0.22537562604340566,0.10351199449931547,84,0.1884159106769016,0.3867595818815331,0.15090403337969402,0.1375,0.3432732316227462,0.24137055151217499,0.10324689121315977
169,0.8990042209625244,0.19010307051971387,0.0010005950927734375,2.78041453115716e-07,0.0001,"(25, 25)",35,"{'NN__alpha': 0.0001, 'NN__hidden_layer_sizes': (25, 25), 'km__n_clusters': 35}",0.31868131868131866,0.5607734806629834,0.5710306406685237,0.20728291316526612,0.27887323943661974,0.38786867000556485,0.15006630729447068,33,0.4047452896022331,0.6439024390243903,0.655076495132128,0.2513888888888889,0.2933425797503467,0.44969113847959735,0.17069853972857735
170,0.7009589672088623,0.1175334984888352,0.0010003089904785157,2.431401974483864e-07,0.0001,"(25, 25)",40,"{'NN__alpha': 0.0001, 'NN__hidden_layer_sizes': (25, 25), 'km__n_clusters': 40}",0.12637362637362637,0.3149171270718232,0.24512534818941503,0.22408963585434175,0.07887323943661972,0.19810795770728992,0.08470696014992636,102,0.159804605722261,0.3421602787456446,0.27399165507649514,0.24305555555555555,0.11373092926490985,0.22654860487297318,0.08132892587674882
171,0.3870879650115967,0.09029343665701102,0.001000213623046875,2.78041453115716e-07,0.0001,"(100, 25, 100)",2,"{'NN__alpha': 0.0001, 'NN__hidden_layer_sizes': (100, 25, 100), 'km__n_clusters': 2}",0.17582417582417584,0.13535911602209943,0.233983286908078,0.11764705882352941,0.14929577464788732,0.16249304396215916,0.040488281094674464,127,0.18283321702721564,0.14912891986062718,0.25382475660639775,0.12361111111111112,0.14771151178918168,0.17142190327890666,0.04531110225975572
172,0.4302977085113525,0.04275219246135491,0.0012007713317871093,0.0003999001188221399,0.0001,"(100, 25, 100)",5,"{'NN__alpha': 0.0001, 'NN__hidden_layer_sizes': (100, 25, 100), 'km__n_clusters': 5}",0.16483516483516483,0.17955801104972377,0.17270194986072424,0.12044817927170869,0.10140845070422536,0.14802448525319978,0.03097708019095869,137,0.20795533845080252,0.18745644599303135,0.20723226703755215,0.11041666666666666,0.10402219140083217,0.16341658190977695,0.04651476067289681
173,0.8331894874572754,0.3213603981713668,0.0010001182556152344,1.784161275279017e-07,0.0001,"(100, 25, 100)",10,"{'NN__alpha': 0.0001, 'NN__hidden_layer_sizes': (100, 25, 100), 'km__n_clusters': 10}",0.1620879120879121,0.5027624309392266,0.3955431754874652,0.4649859943977591,0.17183098591549295,0.3394546466332777,0.14510202295687283,50,0.19190509420795535,0.6139372822299651,0.44993045897079276,0.5326388888888889,0.18585298196948682,0.39485294125341774,0.17600298883025473
174,1.076644229888916,0.3191300655128195,0.0014001846313476563,0.0004902129362053816,0.0001,"(100, 25, 100)",15,"{'NN__alpha': 0.0001, 'NN__hidden_layer_sizes': (100, 25, 100), 'km__n_clusters': 15}",0.4065934065934066,0.4088397790055249,0.6155988857938719,0.23529411764705882,0.4619718309859155,0.4257095158597663,0.12164649460483244,21,0.48639218422889047,0.4843205574912892,0.7830319888734353,0.2916666666666667,0.5062413314840499,0.5103305457488663,0.15712813587147356
175,1.0208340644836427,0.46640695437159646,0.0014002323150634766,0.0004901739175802248,0.0001,"(100, 25, 100)",20,"{'NN__alpha': 0.0001, 'NN__hidden_layer_sizes': (100, 25, 100), 'km__n_clusters': 20}",0.17857142857142858,0.1878453038674033,0.5431754874651811,0.5686274509803921,0.14647887323943662,0.32442960489705064,0.18902211210290526,55,0.19190509420795535,0.18327526132404182,0.7211404728789986,0.6826388888888889,0.21844660194174756,0.39948126384832644,0.24748710589223746
176,1.0860466003417968,0.2933614545755681,0.001000213623046875,2.3360154559928684e-07,0.0001,"(100, 25, 100)",25,"{'NN__alpha': 0.0001, 'NN__hidden_layer_sizes': (100, 25, 100), 'km__n_clusters': 25}",0.49725274725274726,0.5165745856353591,0.6462395543175488,0.40336134453781514,0.23380281690140844,0.4602114635503617,0.13638254822113366,18,0.5457083042568039,0.624390243902439,0.8011126564673157,0.48680555555555555,0.27739251040221913,0.5470818541168667,0.17139177144469833
177,1.1292563438415528,0.4806912198232413,0.001400327682495117,0.0004898040697486511,0.0001,"(100, 25, 100)",30,"{'NN__alpha': 0.0001, 'NN__hidden_layer_sizes': (100, 25, 100), 'km__n_clusters': 30}",0.26373626373626374,0.7734806629834254,0.4428969359331476,0.22408963585434175,0.676056338028169,0.4757929883138564,0.21837102023544902,15,0.32379623168178645,0.9017421602787457,0.5354659248956884,0.2881944444444444,0.7552011095700416,0.5608799741741413,0.23881361207286156
178,1.3082968711853027,0.29838194376110516,0.0016002655029296875,0.0004899792882992587,0.0001,"(100, 25, 100)",35,"{'NN__alpha': 0.0001, 'NN__hidden_layer_sizes': (100, 25, 100), 'km__n_clusters': 35}",0.32967032967032966,0.6878453038674033,0.6295264623955432,0.43137254901960786,0.6281690140845071,0.5409015025041736,0.13727554752814,8,0.3782274947662247,0.8139372822299652,0.7844228094575799,0.4618055555555556,0.7080443828016644,0.629287504962198,0.1763215703478068
179,1.3943167209625245,0.07375889018898671,0.0014000892639160155,0.0004899014288601227,0.0001,"(100, 25, 100)",40,"{'NN__alpha': 0.0001, 'NN__hidden_layer_sizes': (100, 25, 100), 'km__n_clusters': 40}",0.5164835164835165,0.6685082872928176,0.7270194986072424,0.6666666666666666,0.6676056338028169,0.6488592097941013,0.07057029402368634,3,0.6643405443126309,0.8383275261324041,0.8198887343532685,0.7430555555555556,0.7912621359223301,0.7713748992552378,0.06243410444538401
