,x,y,target
0,-16.155838012695312,-24.340829849243164,0.0
1,-25.048362731933594,14.571325302124023,1.0
2,-38.749427795410156,27.62748146057129,2.0
3,8.806723594665527,5.720727920532227,3.0
4,-36.349998474121094,-24.66201400756836,4.0
5,0.7586870193481445,-13.981776237487793,5.0
6,17.40023422241211,38.87416458129883,6.0
7,-60.41192626953125,-2.427189826965332,7.0
8,33.85265350341797,9.473029136657715,8.0
9,-25.439273834228516,-5.550439834594727,9.0
10,-18.89875602722168,-24.849451065063477,0.0
11,-30.385520935058594,18.701692581176758,1.0
12,49.321739196777344,-7.549333572387695,2.0
13,-3.253527879714966,14.94509506225586,3.0
14,-35.471195220947266,-35.96226501464844,4.0
15,-11.39637279510498,-0.789432942867279,5.0
16,12.732162475585938,38.53535461425781,6.0
17,-49.49465560913086,6.820703983306885,7.0
18,33.3629035949707,0.4619142413139343,8.0
19,15.168408393859863,-37.22763442993164,9.0
20,-3.8863141536712646,-29.180030822753906,0.0
21,-26.02397346496582,20.64250946044922,1.0
22,50.1383171081543,-9.079059600830078,2.0
23,-1.9600732326507568,19.71678352355957,3.0
24,-32.32237243652344,-23.651708602905273,4.0
25,-6.878959655761719,6.394752025604248,5.0
26,19.039234161376953,38.69187927246094,6.0
27,-55.09573745727539,11.042065620422363,7.0
28,33.848533630371094,8.947509765625,8.0
29,15.407146453857422,-37.28356170654297,9.0
30,-16.91706085205078,-20.081268310546875,0.0
31,14.806307792663574,-37.1357536315918,9.0
32,-11.644333839416504,-3.921534776687622,5.0
33,-4.781414031982422,4.258120536804199,5.0
34,12.476663589477539,32.71347427368164,6.0
35,-4.913581371307373,4.457213878631592,5.0
36,-7.88191032409668,-20.939186096191406,0.0
37,24.34771728515625,-34.03717803955078,9.0
38,35.314178466796875,1.2894387245178223,8.0
39,5.552940368652344,-25.523597717285156,9.0
40,30.833580017089844,2.8717122077941895,8.0
41,-40.145652770996094,-32.812137603759766,4.0
42,-29.710397720336914,16.93509864807129,1.0
43,-52.00694274902344,6.173549652099609,7.0
44,-59.39567184448242,-3.2197766304016113,7.0
45,-6.5098114013671875,12.645050048828125,3.0
46,-5.419506549835205,5.477990627288818,5.0
47,-25.33133316040039,18.061683654785156,1.0
48,-13.92432975769043,-27.641366958618164,0.0
49,-8.93980884552002,-30.715776443481445,0.0
50,-38.15605926513672,28.706119537353516,2.0
51,-36.48197937011719,26.826025009155273,2.0
52,-53.42362976074219,10.91718578338623,7.0
53,32.56096649169922,3.0140504837036133,8.0
54,-36.286712646484375,28.15535545349121,2.0
55,-2.648503303527832,-28.102270126342773,0.0
56,-27.285320281982422,17.581533432006836,1.0
57,-38.75074768066406,27.806310653686523,2.0
58,18.009258270263672,40.12149429321289,6.0
59,-0.6365692019462585,12.682881355285645,3.0
60,-5.613758563995361,12.497804641723633,3.0
61,-50.210853576660156,7.558151721954346,7.0
62,-5.699585437774658,12.57186508178711,3.0
63,-6.984488010406494,14.978795051574707,3.0
64,-42.716678619384766,-31.222200393676758,4.0
65,13.573894500732422,36.26605224609375,6.0
66,16.78745460510254,47.718265533447266,6.0
67,12.738296508789062,45.10572052001953,6.0
68,-31.87271499633789,-33.49941635131836,4.0
69,21.187807083129883,-11.220172882080078,9.0
70,-23.1920108795166,17.15389060974121,1.0
71,-2.447854995727539,-10.403458595275879,5.0
72,-3.2392172813415527,-30.482627868652344,0.0
73,5.463438987731934,-21.77374839782715,9.0
74,-0.8020625710487366,-13.970235824584961,5.0
75,-36.358192443847656,26.323026657104492,2.0
76,24.46979522705078,-0.34867480397224426,8.0
77,-36.05842971801758,25.57904624938965,2.0
78,-8.619412422180176,-38.36977767944336,0.0
79,-11.077478408813477,-34.66118621826172,0.0
80,-27.398889541625977,18.16839599609375,1.0
81,-57.78197479248047,0.6207708716392517,7.0
82,18.612377166748047,39.07698440551758,6.0
83,-8.236186027526855,15.940093994140625,3.0
84,56.580196380615234,-5.924918174743652,2.0
85,-28.57589340209961,16.11188316345215,1.0
86,-51.101356506347656,9.022031784057617,7.0
87,7.47091817855835,-2.937100648880005,4.0
88,16.642520904541016,38.35988235473633,6.0
89,-5.597672462463379,11.650214195251465,3.0
90,-29.66217041015625,16.75419807434082,1.0
91,-5.258806228637695,16.707584381103516,3.0
92,3.6449155807495117,-25.302257537841797,9.0
93,-25.099443435668945,14.728513717651367,1.0
94,-48.16890335083008,4.30673885345459,7.0
95,22.535449981689453,37.51261520385742,6.0
96,27.93087387084961,-4.1867570877075195,8.0
97,-33.92929458618164,-25.62113380432129,4.0
98,-6.436233997344971,15.67029094696045,3.0
99,17.812591552734375,-7.555513858795166,1.0
100,-33.8997917175293,-25.634403228759766,4.0
101,-4.220009803771973,-35.16242218017578,0.0
102,-7.208979606628418,-10.156731605529785,5.0
103,-8.287020683288574,13.748830795288086,3.0
104,20.678747177124023,29.528480529785156,6.0
105,12.836832046508789,-31.913972854614258,9.0
106,21.743715286254883,39.06332778930664,6.0
107,-31.999954223632812,18.959075927734375,1.0
108,-51.41958999633789,6.600586891174316,7.0
109,-9.255013465881348,6.234915733337402,5.0
110,-45.98777389526367,-14.02796745300293,4.0
111,-32.9773063659668,-33.24806594848633,4.0
112,-54.57072830200195,2.2802534103393555,7.0
113,-27.971092224121094,9.145553588867188,2.0
114,23.54848289489746,1.5509670972824097,8.0
115,-37.04032897949219,28.815086364746094,2.0
116,-37.76041793823242,28.958667755126953,2.0
117,-2.909127712249756,-7.467544078826904,5.0
118,-49.32381057739258,-1.2084205150604248,7.0
119,12.309256553649902,-31.529069900512695,9.0
120,-1.3775871992111206,-14.249688148498535,5.0
121,-39.85679244995117,-35.85621643066406,4.0
122,31.689001083374023,0.510773241519928,8.0
123,23.140506744384766,7.7295708656311035,8.0
124,-39.91346740722656,-32.99251937866211,4.0
125,9.425344467163086,-22.103710174560547,9.0
126,-2.87018084526062,-29.609289169311523,0.0
127,34.86870193481445,0.6039984226226807,8.0
128,-27.2227725982666,3.53733491897583,9.0
129,27.87716293334961,-3.025867223739624,8.0
130,-2.710773468017578,-33.84122848510742,0.0
131,-27.82480812072754,23.618511199951172,1.0
132,57.865665435791016,-13.036860466003418,2.0
133,-7.611720561981201,14.922757148742676,3.0
134,-40.7461051940918,-34.9513053894043,4.0
135,42.421112060546875,25.049026489257812,5.0
136,15.408486366271973,41.480010986328125,6.0
137,-47.56623077392578,-0.031087566167116165,7.0
138,28.24485969543457,11.472925186157227,8.0
139,8.00654411315918,-22.542476654052734,9.0
140,-2.217465877532959,-24.31333351135254,0.0
141,-31.907392501831055,19.712120056152344,1.0
142,62.70286178588867,-10.108922958374023,2.0
143,-6.7313232421875,18.226625442504883,3.0
144,-48.341339111328125,-34.27980041503906,4.0
145,0.45243918895721436,-0.3358830213546753,5.0
146,8.837164878845215,34.866371154785156,6.0
147,-47.335086822509766,-0.08099447935819626,7.0
148,29.05254554748535,19.158065795898438,8.0
149,4.919770240783691,-21.242008209228516,9.0
150,-5.489806175231934,-32.063663482666016,0.0
151,-32.12983322143555,20.701967239379883,1.0
152,54.481998443603516,-14.819438934326172,2.0
153,-11.13395881652832,19.668575286865234,3.0
154,-48.849822998046875,-32.58919906616211,4.0
155,46.05516815185547,24.47113037109375,5.0
156,16.029367446899414,38.7700309753418,6.0
157,-52.774574279785156,-6.508315086364746,7.0
158,33.00172424316406,5.0893659591674805,8.0
159,7.788186073303223,-22.09394645690918,9.0
160,-8.19500732421875,-24.38252067565918,0.0
161,7.108869552612305,-22.67914581298828,9.0
162,38.08542251586914,28.25188446044922,5.0
163,45.28242492675781,27.16179656982422,5.0
164,7.586431503295898,45.416080474853516,6.0
165,41.83292007446289,24.202402114868164,5.0
166,-6.079355716705322,-21.760454177856445,0.0
167,10.360128402709961,-34.36404800415039,9.0
168,25.466339111328125,11.403423309326172,8.0
169,8.478363990783691,-23.398447036743164,9.0
170,26.4110164642334,-9.835079193115234,8.0
171,-55.53110885620117,-30.67499351501465,4.0
172,-28.603286743164062,22.673404693603516,1.0
173,-56.12229919433594,9.015510559082031,7.0
174,-46.600074768066406,8.631749153137207,7.0
175,-0.2632659673690796,15.266319274902344,3.0
176,38.26633834838867,28.27312469482422,5.0
177,-30.832077026367188,20.482662200927734,1.0
178,-15.38172721862793,-33.78104019165039,0.0
179,-3.781906843185425,-27.19145393371582,0.0
180,47.56568908691406,-3.1546056270599365,2.0
181,56.38359451293945,-13.624521255493164,2.0
182,-51.08847427368164,0.11218032985925674,7.0
183,29.232175827026367,7.841488361358643,8.0
184,60.25236129760742,-3.1256117820739746,2.0
185,-2.2178781032562256,-27.86663818359375,0.0
186,-24.871822357177734,20.640380859375,1.0
187,47.00764846801758,-3.0731866359710693,2.0
188,13.677337646484375,43.13052749633789,6.0
189,-6.57260274887085,17.626842498779297,3.0
190,-9.621465682983398,16.29725456237793,3.0
191,-57.61801528930664,-5.974203109741211,7.0
192,-2.0412540435791016,18.882854461669922,3.0
193,-5.993513107299805,14.652621269226074,3.0
194,-53.902732849121094,-29.63193130493164,4.0
195,14.317206382751465,33.58491134643555,6.0
196,13.850329399108887,43.23222351074219,6.0
197,6.762580871582031,43.62154769897461,6.0
198,-57.041900634765625,-30.08332633972168,4.0
199,6.900556564331055,-20.11210823059082,9.0
200,-31.89427947998047,17.614477157592773,1.0
201,44.53766632080078,23.441822052001953,5.0
202,-6.109966278076172,-34.190345764160156,0.0
203,3.159963607788086,-20.16533660888672,9.0
204,46.15039825439453,24.718368530273438,5.0
205,55.665260314941406,-16.85894775390625,2.0
206,26.46745491027832,-9.785357475280762,8.0
207,56.49871063232422,-15.585716247558594,2.0
208,-2.066086530685425,-26.588308334350586,0.0
209,-4.4419121742248535,-36.06507873535156,0.0
210,-29.823993682861328,21.818273544311523,1.0
211,-22.86115837097168,-44.427711486816406,7.0
212,13.043296813964844,44.973690032958984,6.0
213,-8.947306632995605,16.68444061279297,3.0
214,58.019195556640625,-14.267742156982422,2.0
215,-34.249244689941406,17.333738327026367,1.0
216,-49.609771728515625,-2.3165042400360107,7.0
217,-11.075484275817871,15.543946266174316,3.0
218,-31.796875,20.660417556762695,1.0
219,-9.932343482971191,16.084720611572266,3.0
220,5.6766581535339355,-18.32050323486328,9.0
221,-29.000301361083984,20.12390899658203,1.0
222,-58.137142181396484,7.065876483917236,7.0
223,15.349862098693848,37.48004913330078,6.0
224,30.517318725585938,8.02889347076416,8.0
225,-49.75571060180664,-33.55947494506836,4.0
226,-9.167022705078125,17.54800033569336,3.0
227,-30.612422943115234,18.168235778808594,1.0
228,-49.631595611572266,-33.654476165771484,4.0
229,-11.906679153442383,-34.081905364990234,0.0
230,41.139644622802734,25.284194946289062,5.0
231,-1.9630557298660278,20.0332088470459,3.0
232,5.475269317626953,34.30529022216797,6.0
233,6.423487663269043,-21.77110481262207,9.0
234,5.367588996887207,39.487579345703125,6.0
235,-29.919763565063477,21.1160888671875,1.0
236,-56.49538803100586,-1.7783664464950562,7.0
237,40.98339080810547,23.42034149169922,5.0
238,-56.99601364135742,-30.036958694458008,4.0
239,-50.511844635009766,-32.129051208496094,4.0
240,-51.213592529296875,-0.11967461556196213,7.0
241,60.44622802734375,-3.1916284561157227,2.0
242,27.761188507080078,6.7754645347595215,8.0
243,56.766357421875,-3.376105785369873,2.0
244,57.763954162597656,-15.489984512329102,2.0
245,44.32162857055664,26.18345832824707,5.0
246,41.413917541503906,26.11174774169922,5.0
247,-51.55316162109375,-32.20584487915039,4.0
248,28.70400619506836,5.340773582458496,8.0
249,29.07955551147461,7.696344375610352,8.0
250,-48.48716354370117,-34.11808776855469,4.0
251,-26.23893928527832,-5.196758270263672,9.0
252,-4.312496185302734,-33.20408248901367,0.0
253,30.20418930053711,5.3536200523376465,8.0
254,13.681979179382324,-18.83444595336914,9.0
255,27.382944107055664,4.358387470245361,8.0
256,-19.648317337036133,-24.665800094604492,0.0
257,18.78903579711914,-2.1714627742767334,1.0
258,55.494224548339844,-10.964000701904297,2.0
259,8.3761625289917,4.796764373779297,3.0
260,-33.4989128112793,-32.92949676513672,4.0
261,-17.89246368408203,-1.6003835201263428,5.0
262,3.616281032562256,40.8160514831543,6.0
263,-32.343719482421875,40.861454010009766,7.0
264,21.238868713378906,20.717304229736328,8.0
265,25.387895584106445,-18.435571670532227,9.0
266,-12.945210456848145,-33.2266960144043,0.0
267,-31.757617950439453,15.248673439025879,1.0
268,55.371978759765625,-9.732090950012207,2.0
269,1.9269407987594604,7.6934380531311035,3.0
270,-36.991790771484375,-32.293357849121094,4.0
271,33.01218032836914,-16.685701370239258,5.0
272,7.465530872344971,41.20180892944336,6.0
273,-56.40441131591797,0.7544916868209839,7.0
274,30.36275291442871,-7.182899475097656,8.0
275,25.534292221069336,-20.112407684326172,9.0
276,-14.49657917022705,-25.873226165771484,0.0
277,-31.89078140258789,16.421588897705078,1.0
278,57.50667190551758,-9.115432739257812,2.0
279,7.668149948120117,16.775028228759766,3.0
280,-36.34517288208008,-30.142513275146484,4.0
281,-14.716981887817383,-0.5557323098182678,5.0
282,7.637287616729736,45.8336067199707,6.0
283,-29.964733123779297,41.29231643676758,7.0
284,29.964672088623047,-9.119171142578125,8.0
285,6.070123195648193,-29.565183639526367,9.0
286,-20.07965660095215,-25.516632080078125,0.0
287,10.864019393920898,-32.502254486083984,9.0
288,-16.69593620300293,-1.1599979400634766,5.0
289,9.785040855407715,21.196739196777344,5.0
290,8.753462791442871,38.98672103881836,6.0
291,12.875539779663086,19.064109802246094,5.0
292,-20.24853515625,-24.05080795288086,0.0
293,10.391026496887207,-16.44053840637207,9.0
294,34.549713134765625,14.585553169250488,8.0
295,15.609208106994629,-25.464448928833008,9.0
296,32.51171112060547,13.854182243347168,8.0
297,-39.678794860839844,-29.733369827270508,4.0
298,21.642393112182617,2.4219729900360107,1.0
299,-53.443504333496094,-1.7110955715179443,7.0
300,-46.54140090942383,9.961822509765625,7.0
301,1.3301140069961548,8.181558609008789,3.0
302,-10.617756843566895,-5.303730487823486,5.0
303,21.43683624267578,8.449742317199707,1.0
304,-14.689396858215332,-28.15705108642578,0.0
305,-14.330981254577637,-26.93287467956543,0.0
306,58.94682693481445,-9.470840454101562,2.0
307,59.15631866455078,-14.740769386291504,2.0
308,-57.976375579833984,7.934999942779541,7.0
309,19.218135833740234,21.355100631713867,8.0
310,54.8259391784668,-10.929804801940918,2.0
311,-16.843353271484375,-26.520706176757812,0.0
312,-34.091827392578125,17.322797775268555,1.0
313,55.829185485839844,-8.80691146850586,2.0
314,-0.1393432766199112,39.727455139160156,6.0
315,5.99534273147583,9.823220252990723,3.0
316,2.4972517490386963,7.948223114013672,3.0
317,-29.275188446044922,40.95228958129883,7.0
318,4.575376033782959,8.526911735534668,3.0
319,3.8073253631591797,8.901780128479004,3.0
320,-36.955787658691406,-31.565570831298828,4.0
321,10.329183578491211,46.15188217163086,6.0
322,10.524807929992676,46.11587142944336,6.0
323,10.295656204223633,42.40695571899414,6.0
324,-47.647464752197266,-21.114673614501953,4.0
325,24.500991821289062,-16.966712951660156,9.0
326,16.422243118286133,-3.337630271911621,1.0
327,-11.871779441833496,26.19011878967285,5.0
328,-12.08712387084961,-24.06464958190918,0.0
329,25.393936157226562,-19.4239501953125,9.0
330,-16.376468658447266,-1.2252768278121948,5.0
331,53.999961853027344,-8.566108703613281,2.0
332,28.936737060546875,19.281652450561523,8.0
333,58.138267517089844,-9.314087867736816,2.0
334,-18.262170791625977,-24.251550674438477,0.0
335,-15.572580337524414,-23.033357620239258,0.0
336,-31.838186264038086,14.83271598815918,1.0
337,-44.55192565917969,2.5541133880615234,7.0
338,13.583465576171875,34.42015838623047,6.0
339,1.5503817796707153,8.061077117919922,3.0
340,59.44194412231445,-14.289352416992188,2.0
341,-32.74647903442383,14.888164520263672,1.0
342,-45.42522430419922,1.8534512519836426,7.0
343,-37.336299896240234,-32.523258209228516,4.0
344,4.437943458557129,40.97674560546875,6.0
345,0.24959802627563477,14.564961433410645,3.0
346,16.241376876831055,-1.7155792713165283,1.0
347,6.164985179901123,10.839252471923828,3.0
348,24.096834182739258,-18.638498306274414,9.0
349,12.93432903289795,-2.2038002014160156,1.0
350,-47.41788101196289,-0.8907641172409058,7.0
351,8.892325401306152,38.192291259765625,6.0
352,29.401315689086914,11.447486877441406,8.0
353,-39.566890716552734,-26.327594757080078,4.0
354,6.020263671875,11.693408966064453,3.0
355,12.793855667114258,-4.115716934204102,1.0
356,-30.788087844848633,-38.86531448364258,4.0
357,-12.190463066101074,-35.92287826538086,0.0
358,-14.485960960388184,-7.526425838470459,5.0
359,7.112504482269287,15.178196907043457,3.0
360,7.053951263427734,41.88453674316406,6.0
361,24.199501037597656,-16.780048370361328,9.0
362,10.682583808898926,46.915103912353516,6.0
363,20.127899169921875,-5.174999713897705,1.0
364,-52.07987594604492,-7.261523246765137,7.0
365,-11.120866775512695,-0.06085045635700226,5.0
366,-42.131980895996094,-19.95376205444336,4.0
367,-39.06369400024414,-31.242948532104492,4.0
368,-45.9346923828125,1.9536551237106323,7.0
369,55.500648498535156,-10.966581344604492,2.0
370,32.504085540771484,14.766519546508789,8.0
371,57.98039245605469,-8.897533416748047,2.0
372,55.19452667236328,-5.728285312652588,2.0
373,9.282590866088867,20.892295837402344,5.0
374,-48.76116180419922,8.73618221282959,7.0
375,-28.206905364990234,-15.098828315734863,9.0
376,42.984962463378906,19.809120178222656,5.0
377,-36.83705139160156,-30.59680938720703,4.0
378,12.155708312988281,15.797666549682617,8.0
379,32.52973556518555,12.30111026763916,8.0
380,-39.043357849121094,-33.850135803222656,4.0
381,-28.824899673461914,-14.02875804901123,9.0
382,-11.914441108703613,-29.577590942382812,0.0
383,30.498451232910156,-7.709620952606201,8.0
384,24.89681625366211,-18.121646881103516,9.0
385,0.2822168469429016,12.740920066833496,3.0
386,-7.841893196105957,-37.76935577392578,0.0
387,-23.254894256591797,24.256240844726562,1.0
388,50.05697250366211,-7.988452911376953,2.0
389,12.856005668640137,1.9594111442565918,3.0
390,-54.976593017578125,-28.782907485961914,4.0
391,-6.927786350250244,-0.9259694814682007,5.0
392,5.65341329574585,32.126014709472656,6.0
393,-24.14265251159668,44.746768951416016,7.0
394,24.239030838012695,14.536767959594727,8.0
395,-26.637195587158203,3.3222508430480957,9.0
396,-12.03113842010498,-33.37246322631836,0.0
397,-22.24026107788086,20.00348472595215,1.0
398,52.34213638305664,7.419069766998291,2.0
399,6.226093769073486,4.905365943908691,3.0
400,-52.666744232177734,-24.07008171081543,4.0
401,-8.332710266113281,1.7526769638061523,5.0
402,3.9714672565460205,29.448259353637695,6.0
403,-27.156810760498047,42.63371276855469,7.0
404,27.195354461669922,11.406055450439453,8.0
405,8.715509414672852,-33.305458068847656,9.0
406,-4.760464191436768,-33.27340316772461,0.0
407,-24.41433334350586,19.885562896728516,1.0
408,51.198036193847656,-2.91886043548584,2.0
409,5.3650641441345215,0.8510750532150269,3.0
410,-52.26213073730469,-28.2557373046875,4.0
411,-7.910300254821777,0.5401648879051208,5.0
412,6.416654586791992,30.434154510498047,6.0
413,-28.12563705444336,41.86473846435547,7.0
414,23.68697738647461,22.923526763916016,8.0
415,8.69367504119873,-33.515201568603516,9.0
416,-8.285938262939453,-18.888744354248047,0.0
417,-27.58458137512207,-4.956896781921387,9.0
418,-6.925243377685547,-1.0802109241485596,5.0
419,-9.527292251586914,0.6021872758865356,5.0
420,4.553164005279541,29.08414649963379,6.0
421,-6.076325416564941,-1.608238935470581,5.0
422,-10.220194816589355,-37.29542922973633,0.0
423,-27.986671447753906,-4.277359962463379,9.0
424,25.479400634765625,17.73789405822754,8.0
425,15.498720169067383,-22.837411880493164,9.0
426,27.3055362701416,15.584111213684082,8.0
427,-49.499114990234375,-29.752410888671875,4.0
428,-25.871585845947266,19.483694076538086,1.0
429,-24.46291732788086,44.39889907836914,7.0
430,17.912620544433594,12.199365615844727,7.0
431,-26.172243118286133,4.649210453033447,3.0
432,-7.144392013549805,1.8662902116775513,5.0
433,-22.066120147705078,19.973012924194336,1.0
434,-10.709519386291504,-34.38980484008789,0.0
435,-6.604612827301025,-33.270023345947266,0.0
436,52.16289520263672,8.564598083496094,2.0
437,53.153846740722656,-14.362170219421387,2.0
438,-24.210777282714844,44.67436218261719,7.0
439,20.71660614013672,16.190093994140625,8.0
440,51.10693359375,-6.529329299926758,2.0
441,-10.60208511352539,-33.10021209716797,0.0
442,48.300540924072266,-29.518203735351562,1.0
443,52.204612731933594,5.399535179138184,2.0
444,5.22531270980835,33.2902717590332,6.0
445,-26.475399017333984,4.536164283752441,3.0
446,7.1408562660217285,1.008557677268982,3.0
447,-28.410696029663086,40.99448013305664,7.0
448,8.518834114074707,2.4124772548675537,3.0
449,7.924579620361328,2.891751766204834,3.0
450,-52.5567626953125,-27.61671257019043,4.0
451,6.6174540519714355,29.792896270751953,6.0
452,4.095870494842529,31.19029426574707,6.0
453,6.786037921905518,29.496156692504883,6.0
454,-53.14106750488281,-29.630266189575195,4.0
455,14.659416198730469,-22.855472564697266,9.0
456,-25.534494400024414,21.265464782714844,1.0
457,-15.016484260559082,-5.275212287902832,5.0
458,-8.374157905578613,-19.85416030883789,0.0
459,-28.026521682739258,-4.19381856918335,9.0
460,-7.987850666046143,0.4946301579475403,5.0
461,51.18617630004883,-5.213531970977783,2.0
462,26.491323471069336,14.409723281860352,8.0
463,53.96050262451172,-13.551637649536133,2.0
464,-14.695577621459961,-31.612701416015625,0.0
465,-4.832070350646973,-37.02626037597656,0.0
466,-22.554969787597656,19.535648345947266,1.0
467,-26.107139587402344,42.776615142822266,7.0
468,15.390263557434082,33.66497039794922,6.0
469,7.053683757781982,1.2781367301940918,3.0
470,53.579002380371094,1.6645712852478027,2.0
471,-29.015670776367188,19.344715118408203,1.0
472,18.303375244140625,11.521894454956055,7.0
473,-32.46810531616211,-22.5994930267334,4.0
474,7.44264030456543,32.10993576049805,6.0
475,9.148324012756348,5.767183780670166,3.0
476,-26.64891242980957,19.66033935546875,1.0
477,24.64236068725586,-33.77210998535156,3.0
478,15.806397438049316,-21.55410385131836,9.0
479,-23.754131317138672,20.943063735961914,1.0
480,26.771282196044922,-16.64826202392578,7.0
481,4.895125389099121,28.72658920288086,6.0
482,33.32231140136719,24.002817153930664,8.0
483,-53.01788330078125,-27.206085205078125,4.0
484,8.826815605163574,7.632229328155518,3.0
485,-22.974918365478516,20.251171112060547,1.0
486,-51.2378044128418,-29.719568252563477,4.0
487,-6.318874835968018,-38.469970703125,0.0
488,-24.31400489807129,6.135562896728516,5.0
489,6.58980131149292,3.1297223567962646,3.0
490,8.47845458984375,33.276283264160156,6.0
491,-28.098770141601562,-4.032003879547119,9.0
492,24.360980987548828,-7.216820240020752,6.0
493,-24.204832077026367,20.398658752441406,1.0
494,-28.51268768310547,41.52464294433594,7.0
495,-4.859852313995361,0.6794707179069519,5.0
496,-33.81233596801758,-22.757320404052734,4.0
497,-52.44520950317383,-29.207740783691406,4.0
498,-26.855632781982422,42.776180267333984,7.0
499,54.351112365722656,-12.936948776245117,2.0
500,27.555801391601562,20.34610939025879,8.0
501,51.94280242919922,-4.016685962677002,2.0
502,16.017047882080078,-3.691387414932251,2.0
503,-3.2700836658477783,-2.736462116241455,5.0
504,18.30421257019043,11.527329444885254,7.0
505,15.638052940368652,-21.142271041870117,9.0
506,-7.016634941101074,1.8470431566238403,5.0
507,-32.708988189697266,-22.830364227294922,4.0
508,28.087594985961914,12.631010055541992,8.0
509,25.551708221435547,16.27179718017578,8.0
510,-55.19253158569336,-28.78426170349121,4.0
511,2.171163558959961,-37.471473693847656,9.0
512,-11.350130081176758,-27.206539154052734,0.0
513,24.545852661132812,12.400782585144043,8.0
514,16.092071533203125,-21.922853469848633,9.0
515,27.0998592376709,16.25310516357422,8.0
516,-5.385860443115234,-21.41668701171875,0.0
517,43.95706558227539,-26.77798080444336,1.0
518,45.36325454711914,-17.241647720336914,2.0
519,-9.769916534423828,44.8521728515625,3.0
520,-49.64982986450195,-19.95060157775879,4.0
521,-18.59597396850586,-10.072846412658691,5.0
522,16.776443481445312,33.39900588989258,6.0
523,-22.812585830688477,-44.457820892333984,7.0
524,28.42460823059082,30.51138687133789,8.0
525,-13.392267227172852,33.61827850341797,9.0
526,-16.003684997558594,-27.45551109313965,0.0
527,46.40300750732422,-29.038240432739258,1.0
528,53.834381103515625,-3.9186811447143555,2.0
529,-7.5779218673706055,45.149173736572266,3.0
530,-47.24189758300781,-19.276721954345703,4.0
531,-20.250102996826172,-5.270742416381836,5.0
532,2.538933277130127,34.31786346435547,6.0
533,-59.91456985473633,1.315019130706787,7.0
534,30.75537872314453,34.75404357910156,8.0
535,17.50033950805664,-21.399925231933594,9.0
536,-3.4275646209716797,-20.492877960205078,0.0
537,52.916202545166016,13.689258575439453,1.0
538,53.98323440551758,8.603378295898438,2.0
539,24.633102416992188,25.711711883544922,3.0
540,-51.99267578125,-25.37509536743164,4.0
541,-15.815276145935059,-4.80133056640625,5.0
542,17.521642684936523,33.552207946777344,6.0
543,-57.14308547973633,8.980175971984863,7.0
544,31.080305099487305,35.83613967895508,8.0
545,-13.987116813659668,34.78849792480469,9.0
546,-4.11765193939209,-20.55773162841797,0.0
547,-28.51236343383789,4.73005485534668,9.0
548,-12.422895431518555,-3.839357852935791,5.0
549,-17.4906005859375,-5.683583736419678,5.0
550,20.029085159301758,31.72698211669922,6.0
551,-16.60582733154297,-5.123224258422852,5.0
552,-10.50391960144043,-31.015047073364258,0.0
553,8.320470809936523,-13.5802640914917,9.0
554,28.257646560668945,31.324359893798828,8.0
555,-12.924135208129883,34.973270416259766,9.0
556,30.95871925354004,36.32286834716797,8.0
557,-52.00925064086914,-21.35344696044922,4.0
558,54.75241470336914,13.970685005187988,1.0
559,-53.530208587646484,2.3567683696746826,7.0
560,-61.589351654052734,1.1929185390472412,7.0
561,-9.245833396911621,45.00651168823242,3.0
562,-15.975005149841309,-3.9156339168548584,5.0
563,54.9804573059082,12.776961326599121,1.0
564,-10.5944242477417,-21.822507858276367,0.0
565,-15.884177207946777,-35.094268798828125,0.0
566,-47.35483932495117,31.070999145507812,2.0
567,47.800865173339844,-24.027385711669922,2.0
568,-62.971954345703125,-2.378934383392334,7.0
569,32.02529525756836,36.48931884765625,8.0
570,47.91811752319336,-16.095090866088867,2.0
571,-12.810683250427246,-20.158161163330078,0.0
572,44.44782638549805,-29.762550354003906,1.0
573,47.8800048828125,-23.99725341796875,2.0
574,18.937795639038086,29.846921920776367,6.0
575,-9.209671020507812,42.058860778808594,3.0
576,2.8507487773895264,18.205421447753906,3.0
577,-58.508689880371094,11.269969940185547,7.0
578,-10.377970695495605,45.96915054321289,3.0
579,-8.536898612976074,45.52287292480469,3.0
580,-38.168006896972656,-29.807775497436523,4.0
581,21.20386505126953,31.345096588134766,6.0
582,17.953540802001953,32.781585693359375,6.0
583,1.6926993131637573,35.783451080322266,6.0
584,-48.308631896972656,-19.80620574951172,4.0
585,20.035497665405273,-21.693872451782227,9.0
586,55.35240173339844,13.906808853149414,1.0
587,-15.291282653808594,-1.9942970275878906,5.0
588,-5.522055625915527,-20.01981544494629,0.0
589,17.982532501220703,-27.149351119995117,9.0
590,-20.46970558166504,-6.577731609344482,5.0
591,40.27436447143555,-22.240144729614258,2.0
592,30.619474411010742,37.93915557861328,8.0
593,54.538944244384766,-10.2761812210083,2.0
594,-9.904605865478516,-32.22612762451172,0.0
595,-4.160222053527832,-19.44748306274414,0.0
596,54.96934127807617,12.53558349609375,1.0
597,-61.462032318115234,-0.044151462614536285,7.0
598,21.17938995361328,31.377727508544922,6.0
599,-9.196399688720703,41.90626907348633,3.0
600,47.1436882019043,-26.426538467407227,2.0
601,54.44730758666992,13.142664909362793,1.0
602,-60.4932746887207,0.16422836482524872,7.0
603,-50.693294525146484,-19.99711799621582,4.0
604,19.430492401123047,29.608112335205078,6.0
605,-8.916770935058594,46.85416793823242,3.0
606,52.941890716552734,13.567237854003906,1.0
607,-7.869693756103516,46.042633056640625,3.0
608,-13.092729568481445,35.733829498291016,9.0
609,55.85183334350586,12.861289978027344,1.0
610,-50.39911651611328,1.6693276166915894,7.0
611,17.00522232055664,33.134281158447266,6.0
612,30.65030860900879,36.210201263427734,8.0
613,-50.64646530151367,-21.954833984375,4.0
614,-8.52939224243164,44.81305694580078,3.0
615,18.771936416625977,4.7675676345825195,1.0
616,-50.398380279541016,-21.418960571289062,4.0
617,-3.30375599861145,-19.306316375732422,0.0
618,-18.787343978881836,-4.412893295288086,5.0
619,-8.64761734008789,44.20016860961914,3.0
620,17.636964797973633,34.409481048583984,6.0
621,-13.071050643920898,35.12668991088867,9.0
622,18.71601104736328,30.445388793945312,6.0
623,44.089881896972656,-25.564796447753906,1.0
624,-57.9476318359375,2.12479829788208,7.0
625,-14.81180191040039,-2.212630271911621,5.0
626,-54.682044982910156,-21.699153900146484,4.0
627,-38.734073638916016,-27.233226776123047,4.0
628,-63.948246002197266,-0.7333365678787231,7.0
629,45.96915054321289,-24.41766929626465,2.0
630,27.072599411010742,31.75145149230957,8.0
631,53.64573669433594,-10.76671028137207,2.0
632,45.5090217590332,-23.667163848876953,2.0
633,-10.67057991027832,-6.947297096252441,5.0
634,-60.10655975341797,1.4446841478347778,7.0
635,10.067975997924805,-20.34052848815918,9.0
636,-20.206689834594727,-6.4862961769104,5.0
637,-50.49536895751953,-19.678377151489258,4.0
638,27.656291961669922,30.689746856689453,8.0
639,29.968624114990234,36.63345718383789,8.0
640,-49.316795349121094,-18.821380615234375,4.0
641,7.626565933227539,-16.110580444335938,9.0
642,-12.125412940979004,-26.68701934814453,0.0
643,30.750492095947266,37.3258056640625,8.0
644,6.542664051055908,-35.14146423339844,9.0
645,28.277921676635742,31.47003936767578,8.0
646,-17.753490447998047,-23.134166717529297,0.0
647,19.41437339782715,-3.201629877090454,1.0
648,42.07805252075195,1.7291170358657837,2.0
649,1.5793553590774536,5.364907741546631,3.0
650,-47.664398193359375,-32.173946380615234,4.0
651,-18.87608528137207,8.980079650878906,5.0
652,10.19758415222168,44.6987419128418,6.0
653,-58.71596145629883,2.605790853500366,7.0
654,30.997154235839844,18.558969497680664,8.0
655,-27.714736938476562,-41.98435592651367,9.0
656,-16.315128326416016,-16.831026077270508,0.0
657,20.963014602661133,4.203306198120117,1.0
658,40.94785690307617,-1.230813980102539,2.0
659,1.8038512468338013,3.5571999549865723,3.0
660,-49.74690246582031,-31.369394302368164,4.0
661,-7.25930118560791,6.93563985824585,5.0
662,9.119340896606445,43.70633316040039,6.0
663,-59.0943603515625,11.524595260620117,7.0
664,20.435802459716797,26.69582748413086,8.0
665,-28.322458267211914,-12.28531551361084,9.0
666,-8.542850494384766,-26.23004150390625,0.0
667,21.343570709228516,3.8181047439575195,1.0
668,45.73432922363281,0.5396570563316345,2.0
669,1.1835577487945557,6.799328327178955,3.0
670,-45.538177490234375,-28.48670196533203,4.0
671,-7.474826812744141,6.999265193939209,5.0
672,9.16541576385498,44.209007263183594,6.0
673,-26.400249481201172,38.185550689697266,7.0
674,31.23887825012207,19.23556137084961,8.0
675,-29.701950073242188,-12.555344581604004,9.0
676,-13.581136703491211,-21.352224349975586,0.0
677,-28.187759399414062,-11.908280372619629,9.0
678,-19.6701602935791,9.185795783996582,5.0
679,-2.6616430282592773,-4.2847418785095215,5.0
680,6.624696731567383,44.42874526977539,6.0
681,-8.547964096069336,4.77938985824585,5.0
682,-6.8925251960754395,-34.997222900390625,0.0
683,-30.805877685546875,-10.95934772491455,9.0
684,28.617464065551758,23.60190200805664,8.0
685,-28.119281768798828,-12.590959548950195,9.0
686,28.618600845336914,23.550870895385742,8.0
687,-46.7624626159668,-32.39151382446289,4.0
688,21.568723678588867,-1.5050485134124756,1.0
689,-25.058744430541992,35.929534912109375,7.0
690,-29.90567398071289,-14.43708324432373,7.0
691,5.660508155822754,21.242605209350586,3.0
692,-2.7969095706939697,-2.501565456390381,5.0
693,21.54963493347168,-1.4596914052963257,1.0
694,-9.553594589233398,-27.969247817993164,0.0
695,-10.464441299438477,-19.437606811523438,0.0
696,43.08934020996094,-2.8813464641571045,2.0
697,41.6014289855957,-1.4385827779769897,2.0
698,-60.117042541503906,7.049352169036865,7.0
699,27.14426040649414,-0.636593222618103,8.0
700,42.71632385253906,-3.980640411376953,2.0
701,-6.263539791107178,-24.510120391845703,0.0
702,14.550204277038574,-0.4726162850856781,1.0
703,42.81814193725586,-3.9179491996765137,2.0
704,11.980392456054688,45.0360221862793,6.0
705,1.897146463394165,4.977041244506836,3.0
706,3.544809341430664,5.986534595489502,3.0
707,-60.754005432128906,6.715672969818115,7.0
708,3.4461021423339844,5.032979965209961,3.0
709,3.29609751701355,8.911325454711914,3.0
710,-41.966705322265625,-35.25983428955078,4.0
711,3.299945831298828,42.224849700927734,6.0
712,8.8514986038208,41.44477462768555,6.0
713,6.525760650634766,46.85297393798828,6.0
714,-48.30167770385742,-31.401836395263672,4.0
715,-29.037445068359375,-11.63469123840332,9.0
716,22.265798568725586,-4.545805931091309,1.0
717,-13.49512004852295,4.830574989318848,5.0
718,-10.942166328430176,-25.334918975830078,0.0
719,-27.064119338989258,-12.736059188842773,9.0
720,-12.71323299407959,4.71009635925293,5.0
721,42.474491119384766,-1.7938976287841797,2.0
722,16.08082389831543,-15.232921600341797,8.0
723,41.03880310058594,-1.3622967004776,2.0
724,-8.299464225769043,-20.1767635345459,0.0
725,-12.028966903686523,-24.138938903808594,0.0
726,13.576202392578125,0.3268514573574066,1.0
727,-59.15815734863281,8.912102699279785,7.0
728,8.843192100524902,43.24068069458008,6.0
729,2.951080083847046,5.71201229095459,3.0
730,64.09781646728516,-8.83288860321045,2.0
731,21.075462341308594,-7.42901611328125,1.0
732,-26.34223747253418,37.78040313720703,7.0
733,-48.670284271240234,-31.980356216430664,4.0
734,15.309274673461914,48.83922576904297,6.0
735,3.863224506378174,4.639839172363281,3.0
736,20.626279830932617,-5.469737529754639,1.0
737,27.55210304260254,-25.590232849121094,3.0
738,-28.342866897583008,-11.144426345825195,9.0
739,22.439348220825195,-3.974759578704834,1.0
740,-60.68450927734375,8.365843772888184,7.0
741,5.138078212738037,41.714839935302734,6.0
742,24.80323600769043,6.9302659034729,8.0
743,-49.699256896972656,-18.650650024414062,4.0
744,27.59962272644043,-25.70745849609375,3.0
745,21.638622283935547,-7.471765995025635,1.0
746,-63.37457275390625,2.014129638671875,4.0
747,-7.14601469039917,-28.71105194091797,0.0
748,-10.628238677978516,9.26468563079834,5.0
749,5.595056056976318,9.452049255371094,3.0
750,15.512051582336426,46.613304138183594,6.0
751,-26.8468017578125,-10.399179458618164,9.0
752,15.188972473144531,46.67221450805664,6.0
753,20.633087158203125,-3.1240007877349854,1.0
754,-60.47499465942383,9.092310905456543,7.0
755,-3.821100950241089,-1.8105182647705078,5.0
756,-55.77067184448242,-21.118263244628906,4.0
757,-33.829044342041016,42.255245208740234,4.0
758,-60.69839096069336,9.387497901916504,7.0
759,43.95706558227539,0.28849852085113525,2.0
760,29.7165584564209,-7.248371601104736,8.0
761,43.816375732421875,-0.07169070094823837,2.0
762,43.414268493652344,1.110275387763977,2.0
763,-0.20497609674930573,-5.159692764282227,5.0
764,-61.47191619873047,2.0053517818450928,7.0
765,-26.988967895507812,-10.421154975891113,9.0
766,-21.106433868408203,-14.152571678161621,5.0
767,-55.259647369384766,-24.225330352783203,4.0
768,28.15880012512207,19.450586318969727,8.0
769,31.775522232055664,-11.054404258728027,8.0
770,-64.50881958007812,2.71779465675354,4.0
771,-27.846874237060547,-42.12009048461914,9.0
772,-10.375969886779785,-26.747365951538086,0.0
773,31.43004035949707,19.840457916259766,8.0
774,-30.094112396240234,-11.064018249511719,9.0
775,29.51795196533203,23.54660415649414,8.0
776,-19.11536979675293,-28.343921661376953,0.0
777,14.795660972595215,-3.4328596591949463,1.0
778,58.226016998291016,-12.337180137634277,2.0
779,28.11794662475586,-27.063013076782227,3.0
780,-54.66879653930664,-25.181482315063477,4.0
781,-8.081613540649414,-4.492499351501465,5.0
782,0.5161207914352417,30.725482940673828,6.0
783,-44.6751708984375,1.4130077362060547,7.0
784,11.095356941223145,21.850189208984375,8.0
785,11.073283195495605,-26.375228881835938,9.0
786,-17.271825790405273,-32.31163787841797,0.0
787,12.171309471130371,-0.9818019866943359,1.0
788,60.42638397216797,-6.8966474533081055,2.0
789,3.1539745330810547,10.935625076293945,3.0
790,-47.72305679321289,-27.134689331054688,4.0
791,43.20447540283203,20.339696884155273,5.0
792,-1.1873466968536377,32.21399688720703,6.0
793,-54.43727493286133,0.07588358223438263,7.0
794,-21.566883087158203,16.24285125732422,8.0
795,10.334208488464355,-13.087775230407715,9.0
796,-21.20361328125,-25.010353088378906,0.0
797,14.678742408752441,-0.9845952391624451,1.0
798,62.767677307128906,-7.4157938957214355,2.0
799,1.694617748260498,12.277691841125488,3.0
800,-38.339134216308594,-9.644536018371582,4.0
801,43.63595962524414,22.24851417541504,5.0
802,8.227434158325195,31.016117095947266,6.0
803,-49.64985275268555,0.9953251481056213,7.0
804,23.69620704650879,-2.3400442600250244,8.0
805,6.469799041748047,-35.47182846069336,9.0
806,-16.027793884277344,-26.186336517333984,0.0
807,-28.043903350830078,3.013450860977173,9.0
808,32.91770553588867,-16.626728057861328,5.0
809,-2.1551055908203125,-2.014655590057373,5.0
810,-1.093044400215149,37.77570343017578,6.0
811,-8.499181747436523,-3.585578680038452,5.0
812,-13.340544700622559,-25.81386375427246,0.0
813,-11.215104103088379,43.75904083251953,9.0
814,19.42128562927246,18.805789947509766,8.0
815,7.990118980407715,-16.778400421142578,9.0
816,17.344789505004883,-14.559510231018066,8.0
817,-43.27584457397461,-24.065093994140625,4.0
818,18.892940521240234,3.417323112487793,1.0
819,-48.59225082397461,-3.4116804599761963,7.0
820,-48.41986083984375,3.0514657497406006,7.0
821,-6.270289421081543,22.114473342895508,3.0
822,-2.347755193710327,-1.180786371231079,5.0
823,21.17104148864746,0.9261173009872437,1.0
824,-19.722087860107422,-21.3420352935791,0.0
825,-21.48444175720215,-24.197566986083984,0.0
826,56.759735107421875,-14.958131790161133,2.0
827,62.78894805908203,-5.639448642730713,2.0
828,-49.768917083740234,-3.125955820083618,7.0
829,17.77315330505371,-14.653101921081543,8.0
830,63.07080841064453,-8.146469116210938,2.0
831,-18.00123405456543,-21.858152389526367,0.0
832,46.3987922668457,-30.66602325439453,1.0
833,53.19758224487305,0.5787085890769958,2.0
834,11.810995101928711,31.504642486572266,6.0
835,-6.289323806762695,21.922971725463867,3.0
836,11.79194450378418,8.955035209655762,3.0
837,-49.09939193725586,1.8542882204055786,7.0
838,-0.08128941804170609,18.128446578979492,3.0
839,-1.076781988143921,15.472596168518066,3.0
840,-49.000431060791016,-25.2847900390625,4.0
841,10.55228042602539,31.958101272583008,6.0
842,-1.8327462673187256,37.59175109863281,6.0
843,-0.07062166929244995,30.80769157409668,6.0
844,-54.101036071777344,-25.67620849609375,4.0
845,6.379703521728516,-35.9802131652832,9.0
846,15.580801010131836,2.2014544010162354,1.0
847,30.87908363342285,-15.330910682678223,5.0
848,-7.373240947723389,-22.142297744750977,0.0
849,13.6864595413208,-19.683631896972656,9.0
850,30.83321762084961,-15.298993110656738,5.0
851,63.7744140625,-6.5743794441223145,2.0
852,16.140661239624023,-12.942158699035645,8.0
853,61.86197280883789,-4.148619174957275,2.0
854,-5.643674850463867,-23.184415817260742,0.0
855,-14.960522651672363,-29.930950164794922,0.0
856,21.05046272277832,1.7712959051132202,1.0
857,-47.966670989990234,2.0017683506011963,7.0
858,0.14016442000865936,41.82283020019531,6.0
859,4.402119159698486,14.18618106842041,3.0
860,-35.7327880859375,29.84333610534668,2.0
861,19.3836727142334,-1.363473892211914,1.0
862,-54.669681549072266,8.037826538085938,7.0
863,-41.06216812133789,-24.614198684692383,4.0
864,1.247857928276062,30.48743438720703,6.0
865,10.746143341064453,9.676122665405273,3.0
866,17.670452117919922,-2.118645191192627,1.0
867,-3.2057344913482666,11.724040985107422,3.0
868,9.145522117614746,-13.439634323120117,9.0
869,16.493404388427734,-4.7782182693481445,1.0
870,-49.75129318237305,-3.3311541080474854,7.0
871,7.256369590759277,33.73003387451172,6.0
872,24.749921798706055,25.378314971923828,8.0
873,-37.66778564453125,-8.788667678833008,4.0
874,3.8251843452453613,12.013984680175781,3.0
875,15.730873107910156,-2.6152894496917725,1.0
876,-39.096988677978516,-19.50780487060547,4.0
877,-16.13201332092285,-23.29536247253418,0.0
878,-4.423800945281982,0.793113648891449,5.0
879,-1.0312761068344116,10.452680587768555,3.0
880,12.342611312866211,32.48685073852539,6.0
881,10.190476417541504,-33.966793060302734,9.0
882,6.053607940673828,43.77873992919922,6.0
883,15.512672424316406,1.8521819114685059,1.0
884,-44.50728225708008,0.22189874947071075,7.0
885,44.48417282104492,23.12530517578125,5.0
886,-53.32583999633789,-25.379793167114258,4.0
887,-43.814571380615234,-24.38505744934082,4.0
888,-48.66343307495117,2.276144027709961,7.0
889,63.97603225708008,-6.118975639343262,2.0
890,18.465696334838867,16.26600456237793,8.0
891,-35.002742767333984,29.298019409179688,2.0
892,44.580718994140625,1.48959481716156,2.0
893,-8.5715970993042,-3.0027928352355957,5.0
894,-55.79280090332031,-3.994152784347534,7.0
895,18.31719398498535,-19.24163246154785,9.0
896,43.95833206176758,22.203723907470703,5.0
897,-38.87008285522461,-10.538721084594727,4.0
898,18.45195198059082,16.262155532836914,8.0
899,10.717888832092285,3.2119545936584473,8.0
900,-38.84684753417969,-10.956851959228516,4.0
901,18.332040786743164,-19.254735946655273,9.0
902,-9.761012077331543,-23.73566246032715,0.0
903,23.87826156616211,23.68254852294922,8.0
904,-26.723608016967773,2.6271474361419678,9.0
905,26.633047103881836,25.706315994262695,8.0
906,46.686832427978516,-29.552492141723633,1.0
907,52.28719711303711,-10.491019248962402,2.0
908,-2.9365925788879395,24.66036605834961,3.0
909,-39.32286834716797,-24.454809188842773,4.0
910,-14.401373863220215,-2.6332154273986816,5.0
911,2.9627254009246826,45.25550842285156,6.0
912,-43.82251739501953,6.140845775604248,7.0
913,28.3444766998291,12.507335662841797,8.0
914,13.8649263381958,-28.884357452392578,9.0
915,-16.251657485961914,-28.401750564575195,0.0
916,45.273406982421875,-30.300647735595703,1.0
917,56.85651397705078,1.1158199310302734,2.0
918,-23.02517318725586,8.195023536682129,3.0
919,-37.740726470947266,-9.03498649597168,4.0
920,18.278188705444336,-30.61393928527832,5.0
921,5.816257953643799,45.50384521484375,6.0
922,-38.86991500854492,6.955410480499268,7.0
923,29.731386184692383,16.764785766601562,8.0
924,14.429852485656738,-24.652482986450195,9.0
925,-12.956048011779785,-27.433162689208984,0.0
926,48.144798278808594,-30.16425323486328,1.0
927,51.314910888671875,-12.156915664672852,2.0
928,5.920699596405029,7.25093936920166,3.0
929,-38.657997131347656,-40.39872360229492,4.0
930,11.080263137817383,-28.387826919555664,5.0
931,2.9248194694519043,41.690120697021484,6.0
932,-41.404056549072266,8.483098030090332,7.0
933,31.312076568603516,16.96045684814453,8.0
934,13.566248893737793,-27.1298885345459,9.0
935,-6.7916717529296875,-31.333221435546875,0.0
936,7.666890621185303,-29.53748893737793,9.0
937,-16.21651268005371,1.6779191493988037,5.0
938,-17.331750869750977,-0.4823121726512909,5.0
939,2.533146858215332,43.579864501953125,6.0
940,16.3610897064209,-32.140899658203125,5.0
941,-15.926103591918945,-30.760833740234375,0.0
942,9.689674377441406,-29.55208396911621,9.0
943,29.962881088256836,17.252721786499023,8.0
944,9.948518753051758,-28.055810928344727,9.0
945,27.735960006713867,15.780240058898926,8.0
946,-31.417190551757812,-40.89154815673828,4.0
947,43.27421951293945,-26.249767303466797,1.0
948,-40.40327072143555,6.504360198974609,7.0
949,-43.8399543762207,11.715683937072754,7.0
950,-24.224117279052734,7.464884281158447,3.0
951,17.78813934326172,-32.55785369873047,5.0
952,44.80020523071289,-28.048450469970703,1.0
953,50.95732116699219,-12.26789379119873,2.0
954,-39.2457275390625,6.9583234786987305,7.0
955,20.69416618347168,19.084827423095703,8.0
956,41.37135696411133,-21.895221710205078,2.0
957,-14.664827346801758,-30.358434677124023,0.0
958,44.711063385009766,-28.70829200744629,1.0
959,46.76874542236328,-16.927003860473633,2.0
960,3.110914945602417,45.591896057128906,6.0
961,-3.6143250465393066,23.465185165405273,3.0
962,-23.24041748046875,8.0492582321167,3.0
963,-40.01385498046875,8.19654369354248,7.0
964,-2.717447280883789,25.26290512084961,3.0
965,4.555980205535889,-1.6531857252120972,3.0
966,-38.81196594238281,-40.753082275390625,4.0
967,3.6741604804992676,34.95761489868164,6.0
968,1.014288306236267,43.91232681274414,6.0
969,2.4273197650909424,44.871212005615234,6.0
970,-38.70412063598633,-40.498291015625,4.0
971,13.164262771606445,-29.45819664001465,9.0
972,43.33253860473633,-26.82349967956543,1.0
973,-18.32293701171875,-0.5380396246910095,5.0
974,-12.796027183532715,-31.516983032226562,0.0
975,13.402608871459961,-28.759992599487305,9.0
976,-19.110620498657227,-0.24279308319091797,5.0
977,45.58892059326172,-14.74150562286377,2.0
978,28.555681228637695,17.16261100769043,8.0
979,41.43909454345703,-22.09099578857422,2.0
980,-19.208032608032227,-28.5003662109375,0.0
981,-13.311264991760254,-38.81331253051758,0.0
982,44.28305435180664,-27.802154541015625,1.0
983,-46.4491081237793,7.249968528747559,7.0
984,2.612964630126953,43.71189880371094,6.0
985,-2.377031087875366,26.23410987854004,3.0
986,52.03456497192383,-9.91783618927002,2.0
987,46.05091857910156,-29.761966705322266,1.0
988,-56.34859085083008,-20.736398696899414,4.0
989,11.82647705078125,38.26575469970703,6.0
990,-3.342777729034424,23.675086975097656,3.0
991,43.91449737548828,-27.82471466064453,1.0
992,4.752945899963379,0.5682762265205383,3.0
993,9.995830535888672,-29.382747650146484,9.0
994,42.19518280029297,-28.072402954101562,1.0
995,-40.16194152832031,8.735403060913086,7.0
996,0.7287499308586121,35.36846923828125,6.0
997,18.61233901977539,21.508197784423828,8.0
998,-24.05511474609375,34.998558044433594,4.0
999,-5.768537998199463,23.177093505859375,3.0
1000,42.767398834228516,-27.382976531982422,1.0
1001,-30.22633171081543,-43.278594970703125,4.0
1002,-14.898962020874023,-31.691946029663086,0.0
1003,-11.706942558288574,0.49387040734291077,5.0
1004,4.518771648406982,-1.6566243171691895,3.0
1005,3.7397804260253906,39.87930679321289,6.0
1006,13.679162979125977,-25.444406509399414,9.0
1007,1.9741076231002808,37.69700622558594,6.0
1008,45.07579040527344,-29.105382919311523,1.0
1009,-32.660560607910156,40.84104537963867,7.0
1010,16.967243194580078,-33.16565704345703,5.0
1011,-38.52116012573242,-24.373743057250977,4.0
1012,-28.898860931396484,-43.5346565246582,4.0
1013,-41.102535247802734,6.055304527282715,7.0
1014,50.22600555419922,-14.52083969116211,2.0
1015,30.611862182617188,15.91481876373291,8.0
1016,46.42242431640625,-18.413671493530273,2.0
1017,53.335235595703125,-2.994844913482666,2.0
1018,16.868635177612305,-32.989341735839844,5.0
1019,-44.853309631347656,6.158658027648926,7.0
1020,9.208328247070312,-30.963224411010742,9.0
1021,-17.798606872558594,0.8504876494407654,5.0
1022,-26.357446670532227,37.69342803955078,4.0
1023,-23.717453002929688,34.65995788574219,4.0
1024,25.776500701904297,44.3118782043457,9.0
1025,-18.87409019470215,-31.384632110595703,0.0
1026,20.478614807128906,20.04400634765625,8.0
1027,14.505743026733398,-24.178422927856445,9.0
1028,30.39328956604004,17.793487548828125,8.0
1029,-13.256479263305664,-23.674396514892578,0.0
1030,17.9776668548584,3.0691657066345215,1.0
1031,56.0749397277832,-5.755877494812012,2.0
1032,7.635261535644531,15.460066795349121,3.0
1033,-28.734159469604492,-41.654266357421875,4.0
1034,-5.460650444030762,-4.328785419464111,5.0
1035,4.903512001037598,42.45161437988281,6.0
1036,-41.46138000488281,3.6040875911712646,7.0
1037,-9.861109733581543,-14.20266342163086,8.0
1038,23.8834228515625,-29.19108772277832,9.0
1039,-7.481720447540283,-31.31685447692871,0.0
1040,17.677499771118164,1.499149203300476,1.0
1041,45.20905685424805,8.910002708435059,2.0
1042,6.9359540939331055,16.805492401123047,3.0
1043,31.774898529052734,-22.942564010620117,4.0
1044,-10.060515403747559,-3.926194429397583,5.0
1045,0.24364705383777618,38.66184997558594,6.0
1046,-41.35556411743164,6.2069292068481445,7.0
1047,34.04345703125,-5.3458476066589355,8.0
1048,-8.373781204223633,32.9271240234375,9.0
1049,15.27409553527832,9.515226364135742,0.0
1050,14.474993705749512,-2.5836760997772217,1.0
1051,45.483402252197266,-18.585737228393555,2.0
1052,7.7590250968933105,19.79408073425293,3.0
1053,-31.682666778564453,-39.69108581542969,4.0
1054,-11.301679611206055,-6.084020614624023,5.0
1055,9.521827697753906,39.7438850402832,6.0
1056,-40.72997283935547,2.781951665878296,7.0
1057,39.30885696411133,13.655191421508789,8.0
1058,-20.65264892578125,1.1687572002410889,9.0
1059,-8.166389465332031,-33.714508056640625,0.0
1060,12.770735740661621,-15.826654434204102,9.0
1061,-5.733804702758789,-6.173582553863525,5.0
1062,1.5092898607254028,-7.526705265045166,5.0
1063,13.669334411621094,37.489803314208984,6.0
1064,-5.665930271148682,-6.214976787567139,5.0
1065,-6.691776275634766,-31.825475692749023,0.0
1066,-7.689427852630615,32.81789016723633,9.0
1067,33.131980895996094,17.152788162231445,8.0
1068,12.696425437927246,-14.317024230957031,9.0
1069,27.441486358642578,5.736796855926514,8.0
1070,31.784271240234375,-22.944398880004883,4.0
1071,19.60940933227539,-0.6407371759414673,1.0
1072,-41.20907211303711,9.170330047607422,7.0
1073,-47.06214141845703,3.6870317459106445,7.0
1074,5.711977481842041,20.03295135498047,3.0
1075,-10.941231727600098,0.4136016368865967,5.0
1076,16.109426498413086,-4.013357162475586,1.0
1077,14.839863777160645,16.981969833374023,0.0
1078,14.236949920654297,17.764225006103516,0.0
1079,-39.726566314697266,2.5541930198669434,7.0
1080,34.41545104980469,-5.4456071853637695,8.0
1081,47.66694641113281,-18.47385025024414,2.0
1082,-17.4807186126709,-33.64786148071289,0.0
1083,21.764060974121094,-5.711502552032471,1.0
1084,45.81321716308594,-15.610682487487793,2.0
1085,18.154592514038086,35.422767639160156,6.0
1086,-47.22465515136719,31.09926414489746,3.0
1087,0.7116162180900574,17.023889541625977,3.0
1088,-34.8270378112793,39.67646026611328,7.0
1089,-1.065024733543396,5.35685920715332,3.0
1090,5.84839391708374,19.285974502563477,3.0
1091,-30.202905654907227,-40.9717903137207,4.0
1092,14.619674682617188,47.78004455566406,6.0
1093,10.777532577514648,38.471004486083984,6.0
1094,13.752472877502441,51.655303955078125,6.0
1095,25.694900512695312,-20.66657257080078,4.0
1096,-8.983280181884766,33.043922424316406,9.0
1097,14.22708511352539,-4.705252647399902,1.0
1098,-23.228681564331055,-1.0233724117279053,5.0
1099,-9.064104080200195,-33.31038284301758,0.0
1100,20.9399471282959,-26.298635482788086,9.0
1101,-3.4426369667053223,-6.096208095550537,5.0
1102,52.55282211303711,7.8405046463012695,2.0
1103,36.201637268066406,14.661746978759766,8.0
1104,43.66476821899414,-17.866418838500977,2.0
1105,-18.294858932495117,-33.60837173461914,0.0
1106,-16.493322372436523,-34.47220993041992,0.0
1107,16.97171401977539,-4.43449592590332,1.0
1108,-64.75918579101562,-4.196864128112793,7.0
1109,16.219600677490234,48.089508056640625,6.0
1110,8.490866661071777,17.12615394592285,3.0
1111,46.58638000488281,-13.812748908996582,2.0
1112,11.888787269592285,-3.217247486114502,1.0
1113,-35.43819046020508,39.22377395629883,7.0
1114,-31.389188766479492,-39.435386657714844,4.0
1115,14.47432804107666,48.954193115234375,6.0
1116,8.467520713806152,17.04106330871582,3.0
1117,18.51270866394043,0.2911830246448517,1.0
1118,-11.20118236541748,19.77109718322754,3.0
1119,-7.123222827911377,32.735313415527344,9.0
1120,15.489364624023438,-1.807982087135315,1.0
1121,-40.718875885009766,5.18760347366333,7.0
1122,4.363239288330078,48.21951675415039,6.0
1123,35.93759536743164,14.654959678649902,8.0
1124,-31.48712921142578,-38.969520568847656,4.0
1125,9.188751220703125,17.584646224975586,3.0
1126,18.04561424255371,-5.003765106201172,1.0
1127,-35.998291015625,-34.29001998901367,4.0
1128,-12.37557601928711,-22.34126853942871,0.0
1129,-7.720824241638184,-9.773894309997559,5.0
1130,7.118407249450684,19.308073043823242,3.0
1131,21.620195388793945,38.543453216552734,6.0
1132,4.627347946166992,-14.148218154907227,9.0
1133,6.1730804443359375,38.58628463745117,6.0
1134,16.613550186157227,-3.999358892440796,1.0
1135,-33.87839126586914,40.3680419921875,7.0
1136,-23.72597885131836,-0.7392594814300537,5.0
1137,-39.1140022277832,-31.4692440032959,4.0
1138,-30.108598709106445,-41.383052825927734,4.0
1139,-51.791133880615234,-2.6457934379577637,7.0
1140,50.8283805847168,-1.096976637840271,2.0
1141,26.058774948120117,4.320658206939697,8.0
1142,45.21993637084961,8.908126831054688,2.0
1143,41.7950553894043,-22.461769104003906,2.0
1144,-5.2219390869140625,-4.3361687660217285,5.0
1145,-34.01053237915039,40.23701095581055,7.0
1146,7.451234817504883,-19.154539108276367,9.0
1147,-23.843286514282227,-0.6820691823959351,5.0
1148,-37.36408233642578,-34.092803955078125,4.0
1149,-55.5378303527832,-5.088797569274902,8.0
1150,37.128902435302734,9.240161895751953,8.0
1151,-32.17975616455078,-38.11335754394531,4.0
1152,25.353160858154297,35.67040252685547,9.0
1153,-10.39882755279541,-30.601064682006836,0.0
1154,39.14387893676758,12.732954025268555,8.0
1155,4.706733703613281,-13.844454765319824,9.0
1156,39.14223098754883,13.057965278625488,8.0
1157,-6.576433181762695,-29.094417572021484,0.0
1158,-24.704952239990234,16.84587860107422,1.0
1159,57.75490951538086,-11.469047546386719,2.0
1160,7.575096130371094,8.650153160095215,3.0
1161,-35.37150192260742,-35.13079833984375,4.0
1162,-11.272613525390625,6.266128063201904,5.0
1163,2.08870792388916,41.35279083251953,6.0
1164,-62.07218551635742,-3.1757378578186035,7.0
1165,-11.696311950683594,26.679691314697266,8.0
1166,1.2752108573913574,-17.416030883789062,9.0
1167,-13.920207023620605,-22.471067428588867,0.0
1168,-25.000244140625,17.09623146057129,1.0
1169,47.36050796508789,-15.969194412231445,2.0
1170,2.932368040084839,16.435604095458984,3.0
1171,-41.567970275878906,-25.705825805664062,4.0
1172,-10.870378494262695,9.12664794921875,5.0
1173,19.7988338470459,35.21657180786133,6.0
1174,-51.691688537597656,3.9588754177093506,7.0
1175,28.75515365600586,-5.101656913757324,8.0
1176,12.999676704406738,54.54341125488281,9.0
1177,-15.432414054870605,-21.93255615234375,0.0
1178,8.905951499938965,-7.660521030426025,1.0
1179,46.2859992980957,-0.3309224247932434,2.0
1180,9.82811450958252,14.738058090209961,3.0
1181,-46.253639221191406,-15.104463577270508,4.0
1182,41.23691940307617,26.237228393554688,5.0
1183,11.146702766418457,38.664546966552734,6.0
1184,-58.429481506347656,10.686918258666992,7.0
1185,29.59214973449707,-3.803138494491577,8.0
1186,1.2269229888916016,-17.372879028320312,9.0
1187,-14.671618461608887,-18.205812454223633,0.0
1188,17.872928619384766,-25.329072952270508,9.0
1189,-11.445003509521484,1.6858137845993042,5.0
1190,-8.613816261291504,-2.3007466793060303,5.0
1191,13.643661499023438,51.92688751220703,6.0
1192,-8.032197952270508,-4.6691155433654785,5.0
1193,-19.46668243408203,-23.18553352355957,0.0
1194,1.9817501306533813,-28.287893295288086,9.0
1195,27.81763458251953,-6.123623371124268,8.0
1196,17.925201416015625,-26.248130798339844,9.0
1197,35.139251708984375,-2.332676649093628,8.0
1198,-39.138309478759766,-24.64760971069336,4.0
1199,16.93742561340332,-0.25261735916137695,1.0
1200,-63.6910514831543,-4.760956287384033,7.0
1201,-60.96659469604492,-2.12905216217041,7.0
1202,-14.722095489501953,14.77302074432373,3.0
1203,-13.12532901763916,5.258536338806152,5.0
1204,7.814022541046143,-7.218359470367432,1.0
1205,-18.514528274536133,-18.863832473754883,0.0
1206,-17.740745544433594,-19.498823165893555,0.0
1207,49.204071044921875,-2.0491161346435547,2.0
1208,44.8043212890625,0.49237173795700073,2.0
1209,-59.697391510009766,2.5196492671966553,7.0
1210,26.18585205078125,1.4516000747680664,8.0
1211,62.08492660522461,-7.710908889770508,2.0
1212,-13.914084434509277,-18.176244735717773,0.0
1213,13.174506187438965,-6.632336616516113,1.0
1214,49.1741828918457,-2.424970865249634,2.0
1215,10.847271919250488,53.79434585571289,6.0
1216,10.163646697998047,13.960538864135742,3.0
1217,1.802350640296936,14.690141677856445,3.0
1218,-63.449302673339844,-2.5982348918914795,7.0
1219,2.1945550441741943,17.747148513793945,3.0
1220,-1.8467717170715332,17.09418296813965,3.0
1221,-44.87471008300781,-25.7242374420166,4.0
1222,9.589908599853516,37.81049346923828,6.0
1223,15.029492378234863,35.33887481689453,6.0
1224,15.776063919067383,35.082275390625,6.0
1225,-37.29345703125,-34.842891693115234,4.0
1226,5.4115166664123535,-20.431900024414062,9.0
1227,17.44801139831543,-4.125056743621826,1.0
1228,-1.9431415796279907,-3.0459344387054443,5.0
1229,-15.348645210266113,-16.540302276611328,0.0
1230,3.993596315383911,-17.40543556213379,9.0
1231,-11.403501510620117,2.6675140857696533,5.0
1232,52.28251266479492,-11.590383529663086,2.0
1233,32.27096176147461,-7.82634162902832,8.0
1234,43.88407516479492,-13.462613105773926,2.0
1235,-15.564361572265625,-16.884716033935547,0.0
1236,-14.271415710449219,-18.140884399414062,0.0
1237,14.584944725036621,-3.890446186065674,1.0
1238,-62.054283142089844,-4.698238372802734,7.0
1239,7.3662028312683105,37.01700210571289,6.0
1240,-3.741255760192871,16.949113845825195,3.0
1241,60.71609115600586,-14.126006126403809,2.0
1242,8.3683443069458,-8.07258129119873,1.0
1243,-63.892581939697266,-0.9946739077568054,7.0
1244,-40.480262756347656,-31.24271011352539,4.0
1245,7.878085136413574,37.04468536376953,6.0
1246,-2.2369000911712646,12.60151195526123,3.0
1247,17.95740509033203,-3.286328077316284,1.0
1248,-11.769573211669922,26.480531692504883,3.0
1249,17.981945037841797,-26.551532745361328,9.0
1250,17.98435401916504,-3.3999969959259033,1.0
1251,-60.725341796875,3.575059413909912,7.0
1252,9.808304786682129,37.38370132446289,6.0
1253,31.270566940307617,-2.4606332778930664,8.0
1254,-41.01510238647461,-31.760990142822266,4.0
1255,4.364718437194824,14.377342224121094,3.0
1256,18.481632232666016,-6.066365718841553,1.0
1257,-39.82326889038086,-26.27474594116211,4.0
1258,-1.664431095123291,-29.925691604614258,0.0
1259,42.681819915771484,19.2075252532959,5.0
1260,-3.8236939907073975,17.209529876708984,3.0
1261,10.063705444335938,32.837501525878906,6.0
1262,3.948967456817627,-17.11697006225586,9.0
1263,13.273371696472168,52.76826858520508,6.0
1264,-48.19013214111328,30.922664642333984,1.0
1265,-62.71757507324219,-3.8888771533966064,7.0
1266,41.879119873046875,23.518693923950195,5.0
1267,-41.697994232177734,-23.321428298950195,4.0
1268,-29.688961029052734,-42.94401550292969,4.0
1269,-58.93766403198242,7.138805389404297,7.0
1270,61.45594787597656,-7.068192005157471,2.0
1271,-46.249420166015625,31.283226013183594,8.0
1272,60.68876266479492,-9.36910629272461,2.0
1273,-13.498664855957031,27.08363914489746,2.0
1274,-21.118051528930664,-14.160888671875,5.0
1275,-56.212562561035156,7.767323017120361,7.0
1276,4.427401542663574,-17.563682556152344,9.0
1277,39.43722152709961,28.269046783447266,5.0
1278,-42.78334045410156,-30.502548217773438,4.0
1279,28.765071868896484,-3.300929307937622,8.0
1280,34.1181640625,-1.9932676553726196,8.0
1281,-46.072479248046875,-14.358126640319824,4.0
1282,6.205331325531006,-30.600419998168945,9.0
1283,-17.032283782958984,-16.920902252197266,0.0
1284,29.583131790161133,-2.0976243019104004,8.0
1285,10.454244613647461,-16.293012619018555,9.0
1286,30.67321014404297,-2.4566729068756104,8.0
1287,15.24710464477539,9.660222053527832,0.0
1288,-20.44063377380371,23.088703155517578,1.0
1289,48.3612174987793,-18.759233474731445,2.0
1290,-2.9036316871643066,16.739286422729492,3.0
1291,-39.58382797241211,-18.262989044189453,4.0
1292,-16.15675926208496,6.795536994934082,5.0
1293,11.929039001464844,54.9304084777832,6.0
1294,-61.499786376953125,-5.952489376068115,7.0
1295,26.94408416748047,2.6558163166046143,8.0
1296,0.6702659130096436,-18.434633255004883,9.0
1297,-10.160280227661133,-21.179004669189453,0.0
1298,8.030281066894531,-7.2751617431640625,1.0
1299,43.783958435058594,-24.48895263671875,2.0
1300,-0.24169577658176422,16.85635757446289,3.0
1301,-38.88252258300781,-17.658920288085938,4.0
1302,-15.130321502685547,9.506928443908691,5.0
1303,12.196501731872559,39.837890625,6.0
1304,-50.08504104614258,4.083316802978516,7.0
1305,-13.47340202331543,27.07427978515625,8.0
1306,10.87217903137207,-19.125347137451172,9.0
1307,-5.633871555328369,-29.54827308654785,0.0
1308,-32.82798385620117,20.886898040771484,1.0
1309,44.28278350830078,-16.077346801757812,2.0
1310,7.422549724578857,7.032734394073486,3.0
1311,-38.53894805908203,-17.40981674194336,4.0
1312,-12.516436576843262,6.620278835296631,5.0
1313,13.07446575164795,55.72265625,6.0
1314,-51.20730209350586,3.1695396900177,7.0
1315,32.616607666015625,1.566410779953003,8.0
1316,19.279346466064453,-25.064685821533203,9.0
1317,-14.979551315307617,-36.999691009521484,0.0
1318,13.635442733764648,-20.854665756225586,9.0
1319,-14.91856575012207,8.285996437072754,5.0
1320,-12.13491439819336,7.06997537612915,5.0
1321,12.58016300201416,55.190216064453125,6.0
1322,-3.532482385635376,-8.897202491760254,5.0
1323,-4.547583103179932,-23.894493103027344,0.0
1324,12.346585273742676,-20.38766098022461,9.0
1325,32.02200698852539,1.7602461576461792,8.0
1326,-14.524407386779785,35.245933532714844,9.0
1327,28.083927154541016,4.023627758026123,8.0
1328,-40.5757942199707,-18.276037216186523,4.0
1329,13.701016426086426,-6.706435203552246,1.0
1330,-49.500640869140625,4.632162570953369,7.0
1331,-61.78733444213867,3.2648308277130127,7.0
1332,-0.3214385509490967,7.318188190460205,3.0
1333,-13.779839515686035,7.7642717361450195,5.0
1334,13.301483154296875,-3.610990524291992,1.0
1335,-8.207877159118652,-27.391881942749023,0.0
1336,-7.655417442321777,-27.664325714111328,0.0
1337,43.511417388916016,-18.09760856628418,2.0
1338,43.65653610229492,-19.115449905395508,2.0
1339,-51.00455856323242,3.485165596008301,7.0
1340,26.751047134399414,1.924636721611023,8.0
1341,42.86972427368164,-24.57598114013672,2.0
1342,-17.53183364868164,-21.938339233398438,0.0
1343,-24.06911849975586,18.027517318725586,1.0
1344,44.17539978027344,-19.059192657470703,2.0
1345,8.909462928771973,31.330392837524414,6.0
1346,-1.5918058156967163,11.244677543640137,3.0
1347,0.47364601492881775,4.937455654144287,3.0
1348,-58.61378860473633,-3.5674750804901123,7.0
1349,5.397624969482422,18.367027282714844,3.0
1350,-0.6917669773101807,6.082038402557373,3.0
1351,-40.502349853515625,-18.15192985534668,4.0
1352,9.05129337310791,30.723302841186523,6.0
1353,8.955475807189941,29.525569915771484,6.0
1354,9.426560401916504,32.64318084716797,6.0
1355,-39.968502044677734,-22.29337501525879,4.0
1356,10.563248634338379,-32.75908660888672,9.0
1357,13.686833381652832,-2.8280699253082275,1.0
1358,-12.656004905700684,6.6837005615234375,5.0
1359,-11.876245498657227,-20.692176818847656,0.0
1360,9.962859153747559,-19.6430606842041,9.0
1361,5.822433948516846,24.45099449157715,5.0
1362,46.53505325317383,-12.196575164794922,2.0
1363,23.44344139099121,6.838104248046875,8.0
1364,-5.488612174987793,-15.791147232055664,2.0
1365,-13.108734130859375,-22.967571258544922,0.0
1366,-8.17736530303955,-28.572830200195312,0.0
1367,-23.873945236206055,17.41631507873535,1.0
1368,-61.42955780029297,-3.5673305988311768,7.0
1369,8.960245132446289,35.46637725830078,6.0
1370,0.9570190906524658,9.594611167907715,3.0
1371,45.876190185546875,-19.756595611572266,2.0
1372,11.296958923339844,-2.03252911567688,1.0
1373,-48.37720489501953,-3.34501051902771,7.0
1374,-39.763404846191406,-21.9062557220459,4.0
1375,13.149921417236328,55.5842170715332,6.0
1376,2.840303659439087,13.226594924926758,3.0
1377,13.379048347473145,-4.884300708770752,1.0
1378,7.511037349700928,11.075154304504395,3.0
1379,6.4390740394592285,-31.763744354248047,9.0
1380,12.292474746704102,-2.064002513885498,1.0
1381,-49.26180648803711,5.985371112823486,7.0
1382,9.855162620544434,34.22582244873047,6.0
1383,31.412946701049805,-0.23257280886173248,8.0
1384,-40.63706970214844,-17.792461395263672,4.0
1385,0.23975592851638794,5.755808353424072,3.0
1386,15.452142715454102,-4.866532802581787,1.0
1387,-40.29335403442383,-32.14927673339844,4.0
1388,-5.482027530670166,-29.46385955810547,0.0
1389,-7.703398704528809,-11.283924102783203,5.0
1390,7.563866138458252,9.1238431930542,3.0
1391,8.58153247833252,26.796884536743164,6.0
1392,20.067955017089844,-21.811017990112305,9.0
1393,11.34560489654541,54.73532485961914,6.0
1394,14.411125183105469,-7.221888542175293,1.0
1395,-54.73386001586914,2.856663465499878,7.0
1396,-4.867106914520264,-8.738947868347168,5.0
1397,-45.03041458129883,-27.500947952270508,4.0
1398,-45.17972946166992,-27.334640502929688,4.0
1399,-59.966976165771484,7.572712421417236,7.0
1400,44.01020812988281,-20.19188117980957,2.0
1401,30.324325561523438,1.5081756114959717,8.0
1402,47.054908752441406,-18.63531494140625,2.0
1403,44.93714141845703,-20.549591064453125,2.0
1404,-13.681041717529297,6.5733466148376465,5.0
1405,-61.04228973388672,2.8003106117248535,7.0
1406,19.03760528564453,-24.56596565246582,9.0
1407,-3.3954713344573975,-9.703146934509277,5.0
1408,-46.268184661865234,-27.553747177124023,4.0
1409,28.252384185791016,3.385678768157959,8.0
1410,27.589548110961914,0.3339519798755646,8.0
1411,-39.805538177490234,-22.179109573364258,4.0
1412,20.808900833129883,-21.843931198120117,9.0
1413,-6.513938903808594,-25.921730041503906,0.0
1414,33.28472900390625,0.4570968449115753,8.0
1415,-12.004627227783203,-31.505590438842773,0.0
1416,-21.74858283996582,24.45015525817871,1.0
1417,55.70828628540039,-3.434121608734131,2.0
1418,8.449623107910156,3.88443660736084,3.0
1419,-49.065399169921875,-20.83350372314453,4.0
1420,-18.514808654785156,2.4917874336242676,5.0
1421,0.9403352737426758,38.962799072265625,6.0
1422,-44.99021530151367,9.424466133117676,7.0
1423,19.866785049438477,18.194454193115234,8.0
1424,6.6123809814453125,-27.75893783569336,9.0
1425,-8.825543403625488,-31.958301544189453,0.0
1426,-24.258607864379883,25.523591995239258,1.0
1427,55.863914489746094,0.7269876599311829,2.0
1428,6.189627647399902,6.140615940093994,3.0
1429,-50.88346862792969,-23.996543884277344,4.0
1430,-17.549423217773438,3.6672918796539307,5.0
1431,2.2853128910064697,39.301273345947266,6.0
1432,-45.249000549316406,10.653464317321777,7.0
1433,20.311954498291016,20.4659366607666,8.0
1434,3.8720390796661377,-30.621536254882812,9.0
1435,-16.818456649780273,-26.9432373046875,0.0
1436,-25.466419219970703,22.263221740722656,1.0
1437,54.459835052490234,-1.2022309303283691,2.0
1438,10.947076797485352,9.436563491821289,3.0
1439,-48.827232360839844,-22.35320472717285,4.0
1440,12.965229988098145,18.945045471191406,5.0
1441,2.4176619052886963,40.361785888671875,6.0
1442,-44.684749603271484,10.262864112854004,7.0
1443,19.356748580932617,19.580379486083984,8.0
1444,7.4256486892700195,-27.137144088745117,9.0
1445,-8.838114738464355,-35.30890655517578,0.0
1446,7.060491561889648,-26.671358108520508,9.0
1447,-17.50480842590332,3.64027738571167,5.0
1448,-18.82120704650879,3.0344061851501465,5.0
1449,3.251140832901001,35.75431823730469,6.0
1450,-18.070653915405273,3.856386661529541,5.0
1451,-9.72844409942627,-34.51107406616211,0.0
1452,5.143080234527588,-29.444143295288086,9.0
1453,24.732969284057617,18.287015914916992,8.0
1454,6.013373374938965,-25.85444450378418,9.0
1455,23.493974685668945,14.663132667541504,8.0
1456,-47.47458267211914,-25.531049728393555,4.0
1457,-27.066965103149414,23.696626663208008,1.0
1458,-46.54783248901367,5.635078430175781,7.0
1459,-46.00606918334961,4.452850341796875,7.0
1460,8.215216636657715,12.387885093688965,3.0
1461,-19.73029899597168,-4.0150275230407715,5.0
1462,-26.346628189086914,25.06880760192871,1.0
1463,-13.186070442199707,-29.60190200805664,0.0
1464,-12.829639434814453,-29.684520721435547,0.0
1465,50.732460021972656,1.5146409273147583,2.0
1466,55.72491455078125,-3.418186664581299,2.0
1467,-44.96084976196289,11.93940258026123,7.0
1468,18.61389923095703,-14.92231559753418,8.0
1469,55.23268508911133,-0.5414758920669556,2.0
1470,-14.608156204223633,-37.34780502319336,0.0
1471,-23.078807830810547,25.790685653686523,1.0
1472,52.90707015991211,1.0007492303848267,2.0
1473,1.420833945274353,39.75722885131836,6.0
1474,6.046693325042725,8.19217300415039,3.0
1475,8.790217399597168,11.242274284362793,3.0
1476,-45.894901275634766,9.311610221862793,7.0
1477,6.479104518890381,6.346354007720947,3.0
1478,0.8465220928192139,11.35922622680664,3.0
1479,-51.169925689697266,-23.253143310546875,4.0
1480,4.0544538497924805,39.30836868286133,6.0
1481,5.195560455322266,45.247249603271484,6.0
1482,5.504956245422363,40.62876510620117,6.0
1483,-47.896034240722656,-25.07928466796875,4.0
1484,9.109903335571289,-27.293006896972656,9.0
1485,-22.86278533935547,25.5415096282959,1.0
1486,-18.675859451293945,4.50213098526001,5.0
1487,-14.825851440429688,-35.51759719848633,0.0
1488,8.741745948791504,-26.19978141784668,9.0
1489,-15.05229377746582,5.278240203857422,5.0
1490,52.87398147583008,-0.24801692366600037,2.0
1491,21.88911247253418,15.598163604736328,8.0
1492,54.84376525878906,-0.19817200303077698,2.0
1493,-14.216337203979492,-37.44676208496094,0.0
1494,-13.135370254516602,-29.024845123291016,0.0
1495,-22.791133880615234,26.378929138183594,1.0
1496,-47.741294860839844,5.680179119110107,7.0
1497,1.774492621421814,38.276859283447266,6.0
1498,4.446394920349121,11.401823997497559,3.0
1499,56.6232795715332,-0.746310293674469,2.0
1500,-21.329879760742188,24.10444450378418,1.0
1501,-45.17499923706055,2.750105381011963,7.0
1502,-50.00395584106445,-25.008310317993164,4.0
1503,3.1940410137176514,38.605228424072266,6.0
1504,2.8981494903564453,9.739486694335938,3.0
1505,-25.489255905151367,22.615032196044922,1.0
1506,8.367719650268555,12.599167823791504,3.0
1507,5.194324970245361,-29.205013275146484,9.0
1508,-25.31382942199707,25.49229621887207,1.0
1509,-46.599761962890625,5.534231662750244,7.0
1510,4.597418785095215,37.859474182128906,6.0
1511,22.594539642333984,15.088629722595215,8.0
1512,-49.30231857299805,-22.696077346801758,4.0
1513,8.772449493408203,11.48985481262207,3.0
1514,-26.045299530029297,25.267210006713867,1.0
1515,-48.18336868286133,-22.31178092956543,4.0
1516,-9.573823928833008,-35.719242095947266,0.0
1517,-19.829483032226562,-3.94031023979187,5.0
1518,4.561191558837891,11.692028045654297,3.0
1519,3.9961397647857666,37.1475944519043,6.0
1520,8.522972106933594,-26.892127990722656,9.0
1521,12.384479522705078,36.71684265136719,6.0
1522,-22.19553565979004,26.022085189819336,1.0
1523,-44.01950454711914,8.699007987976074,7.0
1524,-17.850603103637695,-6.188029766082764,5.0
1525,-49.764312744140625,-24.359590530395508,4.0
1526,-46.889347076416016,-19.61699104309082,4.0
1527,-45.64985656738281,10.032180786132812,7.0
1528,52.002315521240234,-1.3386249542236328,2.0
1529,22.675762176513672,16.795480728149414,8.0
1530,46.04766845703125,-13.063064575195312,2.0
1531,54.494834899902344,0.3265399932861328,2.0
1532,-15.865466117858887,4.341783046722412,5.0
1533,-44.31669235229492,8.700716018676758,7.0
1534,1.1565780639648438,-24.0206241607666,9.0
1535,-14.361533164978027,-1.221474528312683,5.0
1536,-50.112213134765625,-23.629087448120117,4.0
1537,22.617145538330078,18.168380737304688,8.0
1538,22.11728286743164,19.768482208251953,8.0
1539,-49.188934326171875,-25.856081008911133,4.0
1540,2.9383342266082764,-31.126798629760742,9.0
1541,-13.701889038085938,-30.203184127807617,0.0
1542,23.00200653076172,16.93509864807129,8.0
1543,4.492770195007324,-29.785701751708984,9.0
1544,24.214357376098633,19.437814712524414,8.0
1545,-6.47490119934082,-26.690488815307617,0.0
1546,15.549661636352539,-7.000962257385254,1.0
1547,49.093711853027344,-9.425952911376953,2.0
1548,-3.770833969116211,10.189554214477539,3.0
1549,-34.3306770324707,-31.67129135131836,4.0
1550,1.6758553981781006,-4.289484024047852,5.0
1551,10.777047157287598,27.419279098510742,6.0
1552,-20.912527084350586,-44.85218811035156,7.0
1553,15.201775550842285,-9.876047134399414,8.0
1554,-26.93360137939453,-13.76048469543457,9.0
1555,-5.730322360992432,-26.63084602355957,0.0
1556,17.13569450378418,-6.00339937210083,1.0
1557,53.38452911376953,7.136336326599121,2.0
1558,2.997532367706299,16.466693878173828,3.0
1559,-34.321083068847656,-33.36766052246094,4.0
1560,0.23634040355682373,-4.715873718261719,5.0
1561,13.397884368896484,29.27412223815918,6.0
1562,-24.11599349975586,-21.047456741333008,9.0
1563,-4.524306297302246,-22.092363357543945,0.0
1564,18.722166061401367,-8.551603317260742,1.0
1565,53.524986267089844,6.849466323852539,2.0
1566,4.410529136657715,19.72726058959961,3.0
1567,-31.96209144592285,-30.0981388092041,4.0
1568,0.25604307651519775,-6.940707683563232,5.0
1569,17.293874740600586,37.18938446044922,6.0
1570,-21.774503707885742,-44.61915969848633,7.0
1571,20.676517486572266,-9.319912910461426,8.0
1572,-28.825353622436523,39.902950286865234,9.0
1573,-3.6196482181549072,-23.662691116333008,0.0
1574,-29.81893539428711,-9.700912475585938,9.0
1575,3.003458023071289,-8.374466896057129,5.0
1576,45.812469482421875,27.95914649963379,5.0
1577,7.784643650054932,40.384422302246094,6.0
1578,0.20767617225646973,-4.260925769805908,5.0
1579,-10.016451835632324,-22.508398056030273,0.0
1580,25.910192489624023,-15.281859397888184,9.0
1581,23.189233779907227,-5.6292314529418945,8.0
1582,3.450507164001465,-8.42104721069336,9.0
1583,31.51399040222168,7.733506202697754,8.0
1584,-36.11516571044922,-28.942996978759766,4.0
1585,12.684048652648926,-5.604443550109863,1.0
1586,-51.22362518310547,-3.4873313903808594,7.0
1587,-61.33707809448242,-8.62429428100586,7.0
1588,-9.183792114257812,12.583890914916992,3.0
1589,45.7309684753418,25.827394485473633,5.0
1590,15.366147994995117,-5.978796005249023,1.0
1591,-3.8607308864593506,-25.604076385498047,0.0
1592,-11.324444770812988,-18.124610900878906,0.0
1593,-5.590282440185547,-15.811702728271484,2.0
1594,51.09646987915039,-12.330194473266602,2.0
1595,-63.73869705200195,-5.959778785705566,7.0
1596,28.149324417114258,0.6655414700508118,8.0
1597,47.332664489746094,-20.17087173461914,2.0
1598,-5.202628135681152,-27.403114318847656,0.0
1599,18.46714210510254,-8.667098045349121,1.0
1600,43.41902542114258,2.1785647869110107,2.0
1601,11.455068588256836,28.561975479125977,6.0
1602,25.655982971191406,-5.177299499511719,3.0
1603,-9.178755760192871,12.645768165588379,3.0
1604,-61.30683135986328,-8.763588905334473,7.0
1605,-2.0656464099884033,13.914653778076172,3.0
1606,32.00867462158203,-2.8748459815979004,3.0
1607,-32.679264068603516,-30.46533966064453,4.0
1608,11.45901107788086,35.45969772338867,6.0
1609,11.914299964904785,33.96986770629883,6.0
1610,9.863409996032715,35.31843566894531,6.0
1611,21.768156051635742,-12.270271301269531,4.0
1612,-27.99416160583496,-15.495443344116211,9.0
1613,14.87647533416748,-5.062201976776123,1.0
1614,-0.34587451815605164,-5.786928176879883,5.0
1615,-4.670299530029297,-26.244190216064453,0.0
1616,12.022661209106445,-30.956605911254883,9.0
1617,-6.709720611572266,-10.363792419433594,5.0
1618,55.19999694824219,11.470878601074219,2.0
1619,30.51274299621582,5.259805679321289,8.0
1620,-17.01734161376953,-32.744022369384766,0.0
1621,14.526535034179688,-6.173199653625488,1.0
1622,-59.882469177246094,-4.6024956703186035,7.0
1623,11.193687438964844,28.434337615966797,6.0
1624,0.563345193862915,14.536003112792969,3.0
1625,59.009788513183594,-12.185194969177246,2.0
1626,12.451521873474121,-7.080519199371338,1.0
1627,-49.706787109375,-4.7460126876831055,7.0
1628,21.726186752319336,-12.116096496582031,4.0
1629,11.949761390686035,33.758296966552734,6.0
1630,-3.8617215156555176,10.418663024902344,3.0
1631,11.810198783874512,-6.320379257202148,1.0
1632,2.8068552017211914,-21.43804931640625,3.0
1633,22.845853805541992,-16.608226776123047,9.0
1634,13.867999076843262,-6.115068435668945,1.0
1635,-61.435569763183594,-7.192229747772217,7.0
1636,11.123015403747559,41.61442565917969,6.0
1637,31.991188049316406,7.503233909606934,8.0
1638,-36.917720794677734,-27.985687255859375,4.0
1639,-1.8522692918777466,10.752800941467285,3.0
1640,11.991742134094238,-4.697225570678711,1.0
1641,-34.54038619995117,-31.38149070739746,4.0
1642,-4.909055233001709,-24.911226272583008,0.0
1643,2.956315040588379,-7.780630111694336,5.0
1644,-2.463994026184082,11.980086326599121,3.0
1645,14.027800559997559,30.903480529785156,6.0
1646,4.255503177642822,-22.724191665649414,9.0
1647,10.481867790222168,30.964065551757812,6.0
1648,12.602054595947266,-5.446620941162109,1.0
1649,-56.802371978759766,0.3977515697479248,7.0
1650,-2.2102015018463135,-7.380512237548828,5.0
1651,-35.698612213134766,-31.717849731445312,4.0
1652,-31.69899559020996,-30.048601150512695,4.0
1653,-56.62809371948242,-1.8746142387390137,7.0
1654,45.884761810302734,-3.027552366256714,2.0
1655,44.426856994628906,-14.036020278930664,2.0
1656,1.3173935413360596,-4.755612850189209,5.0
1657,46.029945373535156,28.313188552856445,7.0
1658,-2.021233558654785,9.705013275146484,9.0
1659,0.6909555196762085,-6.980868339538574,5.0
1660,22.358680725097656,-12.375950813293457,4.0
1661,-35.79417419433594,-29.12158966064453,4.0
1662,3.8454439640045166,-8.7820405960083,9.0
1663,-11.408626556396484,-20.842479705810547,0.0
1664,32.7231559753418,6.633545398712158,8.0
1665,22.84442901611328,-16.462364196777344,9.0
1666,32.460426330566406,4.7789626121521,8.0
1667,-12.318671226501465,-34.96616744995117,0.0
1668,20.98917579650879,5.554261207580566,1.0
1669,53.60367202758789,-14.114906311035156,2.0
1670,13.94045352935791,23.361099243164062,3.0
1671,-35.29026412963867,17.11748504638672,4.0
1672,-15.072542190551758,-9.893288612365723,5.0
1673,18.33232307434082,42.1749267578125,6.0
1674,-59.32875442504883,-0.875440239906311,7.0
1675,14.412798881530762,5.762664794921875,8.0
1676,14.199188232421875,-24.292551040649414,9.0
1677,-7.083774566650391,-33.98682403564453,0.0
1678,19.237594604492188,2.302860975265503,1.0
1679,44.678497314453125,3.064910411834717,2.0
1680,1.4398351907730103,21.932655334472656,3.0
1681,-39.91437530517578,-28.176603317260742,4.0
1682,-14.747370719909668,-9.697433471679688,5.0
1683,2.6625308990478516,37.93994903564453,6.0
1684,-53.2154426574707,10.955398559570312,7.0
1685,25.822059631347656,9.66360092163086,8.0
1686,9.060977935791016,-19.45159339904785,9.0
1687,-6.720038414001465,-37.93479919433594,0.0
1688,22.842124938964844,5.58836555480957,1.0
1689,47.328311920166016,3.39762282371521,2.0
1690,14.554949760437012,24.207895278930664,3.0
1691,-40.15871047973633,-28.3078556060791,4.0
1692,-15.74028491973877,-9.666589736938477,5.0
1693,16.68451690673828,41.73585891723633,6.0
1694,-59.826454162597656,-0.3642137050628662,7.0
1695,16.89155387878418,4.618053436279297,8.0
1696,11.77070426940918,-30.58310317993164,9.0
1697,-12.900309562683105,-25.313980102539062,0.0
1698,8.499961853027344,-21.01361846923828,9.0
1699,-11.830366134643555,-9.808242797851562,5.0
1700,-12.170724868774414,-5.855764389038086,5.0
1701,16.1026611328125,41.78342819213867,6.0
1702,-2.29366397857666,-10.47833251953125,5.0
1703,-8.506917953491211,-24.89578628540039,0.0
1704,3.8467631340026855,-27.67635154724121,9.0
1705,27.899316787719727,8.630696296691895,8.0
1706,4.244701385498047,-27.829071044921875,9.0
1707,32.698143005371094,-5.642178535461426,8.0
1708,-23.320863723754883,45.228729248046875,4.0
1709,20.269790649414062,4.548845291137695,1.0
1710,-39.21759796142578,9.839680671691895,7.0
1711,-58.27296829223633,8.915858268737793,7.0
1712,-14.712228775024414,14.781244277954102,3.0
1713,-14.612467765808105,-10.083105087280273,5.0
1714,22.35003089904785,1.4913800954818726,1.0
1715,-11.992904663085938,-37.497066497802734,0.0
1716,-14.80020809173584,-24.349285125732422,0.0
1717,59.03605651855469,-2.7633066177368164,2.0
1718,57.72673797607422,-0.23486602306365967,2.0
1719,-53.63151168823242,1.1596591472625732,7.0
1720,31.206863403320312,-7.1636962890625,8.0
1721,58.246116638183594,-0.30698713660240173,2.0
1722,-8.222376823425293,-18.170541763305664,0.0
1723,23.06083106994629,4.5370941162109375,1.0
1724,56.62955093383789,2.2466275691986084,2.0
1725,5.1793107986450195,35.86848068237305,6.0
1726,13.327827453613281,12.894758224487305,3.0
1727,13.797670364379883,13.047452926635742,3.0
1728,-51.57341766357422,-12.87038803100586,7.0
1729,2.996731996536255,25.959577560424805,3.0
1730,1.1337791681289673,22.71605110168457,3.0
1731,-29.22034454345703,-43.761531829833984,4.0
1732,20.34404945373535,40.090763092041016,6.0
1733,15.777628898620605,42.28923416137695,6.0
1734,17.987585067749023,43.053688049316406,6.0
1735,-37.99558639526367,-12.399881362915039,4.0
1736,13.07046127319336,-22.655004501342773,9.0
1737,19.78428077697754,-0.04907826706767082,1.0
1738,-18.013652801513672,-9.953120231628418,5.0
1739,-13.331995010375977,-34.233612060546875,0.0
1740,8.861124038696289,-20.008502960205078,9.0
1741,-16.15740203857422,-10.586161613464355,5.0
1742,50.298213958740234,2.8933968544006348,2.0
1743,29.783893585205078,9.506339073181152,8.0
1744,46.53331756591797,0.3818734884262085,2.0
1745,-10.429789543151855,-28.548097610473633,0.0
1746,-6.815700054168701,-37.905982971191406,0.0
1747,18.55848503112793,6.646481990814209,1.0
1748,-52.928226470947266,-6.267351150512695,7.0
1749,18.75172233581543,41.12689971923828,6.0
1750,0.9258227348327637,20.069400787353516,3.0
1751,47.6041374206543,0.9777697920799255,2.0
1752,14.009273529052734,3.519970655441284,1.0
1753,-52.38644790649414,0.5768685340881348,7.0
1754,-38.034515380859375,-12.330979347229004,4.0
1755,19.18115997314453,37.52081298828125,6.0
1756,1.0379278659820557,19.7518310546875,3.0
1757,16.425521850585938,0.9533978700637817,1.0
1758,5.480294227600098,13.741354942321777,3.0
1759,13.222082138061523,-22.200439453125,9.0
1760,20.790727615356445,3.781571865081787,1.0
1761,-57.020694732666016,2.6596426963806152,7.0
1762,19.99163055419922,36.003761291503906,6.0
1763,32.32225036621094,11.739490509033203,8.0
1764,-42.5812873840332,-25.695274353027344,4.0
1765,14.127816200256348,23.619401931762695,3.0
1766,18.415311813354492,3.1089837551116943,1.0
1767,-42.30632781982422,-32.515960693359375,4.0
1768,-3.705350160598755,-32.584999084472656,0.0
1769,-13.917068481445312,-7.903200626373291,5.0
1770,-4.1091156005859375,13.982114791870117,3.0
1771,18.3734073638916,38.21382522583008,6.0
1772,12.069056510925293,-22.687957763671875,9.0
1773,4.7689995765686035,36.59716796875,6.0
1774,17.496610641479492,2.196531295776367,1.0
1775,-61.47062301635742,-0.8573545813560486,7.0
1776,-13.845913887023926,-10.394876480102539,5.0
1777,-37.0684928894043,-24.480180740356445,4.0
1778,-38.683284759521484,-11.304381370544434,4.0
1779,-53.64483642578125,5.139772891998291,7.0
1780,50.616668701171875,1.7617541551589966,2.0
1781,38.02860641479492,7.642448425292969,8.0
1782,51.99568176269531,-3.9187991619110107,2.0
1783,54.15520477294922,2.4741952419281006,2.0
1784,-15.651067733764648,-8.859139442443848,5.0
1785,-55.6450309753418,-0.9279730319976807,7.0
1786,3.420419692993164,-21.624370574951172,9.0
1787,-12.928619384765625,-8.532320022583008,5.0
1788,-41.91972351074219,-25.444162368774414,4.0
1789,15.532052040100098,5.606260776519775,8.0
1790,14.855371475219727,5.364912986755371,8.0
1791,-42.989906311035156,-24.49018096923828,4.0
1792,8.785852432250977,-17.85507583618164,9.0
1793,-7.576386451721191,-24.04754638671875,0.0
1794,27.105064392089844,7.382500648498535,8.0
1795,13.276999473571777,-17.316312789916992,9.0
1796,38.06379699707031,7.596298694610596,8.0
