,mean_fit_time,std_fit_time,mean_score_time,std_score_time,param_NN__alpha,param_NN__hidden_layer_sizes,param_gmm__n_components,params,split0_test_score,split1_test_score,split2_test_score,split3_test_score,split4_test_score,mean_test_score,std_test_score,rank_test_score,split0_train_score,split1_train_score,split2_train_score,split3_train_score,split4_train_score,mean_train_score,std_train_score
0,0.190043306350708,0.05637211712287475,0.001400327682495117,0.0004900960890609991,0.1,"(50, 50)",2,"{'NN__alpha': 0.1, 'NN__hidden_layer_sizes': (50, 50), 'gmm__n_components': 2}",0.10714285714285714,0.16298342541436464,0.10027855153203342,0.09803921568627451,0.10140845070422536,0.11407902058987202,0.024746898386569693,177,0.11933007676203769,0.16794425087108014,0.10987482614742698,0.11736111111111111,0.10263522884882108,0.1234290987480954,0.023027481646321766
1,0.2946669101715088,0.06436225921018865,0.00200037956237793,2.7804145311571603e-07,0.1,"(50, 50)",5,"{'NN__alpha': 0.1, 'NN__hidden_layer_sizes': (50, 50), 'gmm__n_components': 5}",0.16483516483516483,0.26795580110497236,0.3147632311977716,0.22969187675070027,0.1267605633802817,0.22092376182526433,0.06788929056027292,145,0.21144452198185626,0.3121951219512195,0.34840055632823363,0.2534722222222222,0.12829403606102635,0.2507612917089116,0.07727732879128972
2,0.6681517124176025,0.15519575344553452,0.003000783920288086,2.78041453115716e-07,0.1,"(50, 50)",10,"{'NN__alpha': 0.1, 'NN__hidden_layer_sizes': (50, 50), 'gmm__n_components': 10}",0.33791208791208793,0.505524861878453,0.6100278551532033,0.2969187675070028,0.5267605633802817,0.4552031163049527,0.11863582408682742,121,0.3754361479413817,0.6536585365853659,0.7051460361613352,0.3076388888888889,0.5901525658807212,0.5264064350915386,0.1567518921030979
3,0.7243644237518311,0.09832663139564805,0.0038007259368896484,0.0003998756977302334,0.1,"(50, 50)",15,"{'NN__alpha': 0.1, 'NN__hidden_layer_sizes': (50, 50), 'gmm__n_components': 15}",0.554945054945055,0.6022099447513812,0.48467966573816157,0.7927170868347339,0.6225352112676056,0.6110183639398998,0.10210904662203327,98,0.6029309141660851,0.6348432055749129,0.5897079276773296,0.7347222222222223,0.7115117891816921,0.6547432117644484,0.05818835983397273
4,0.6187402725219726,0.11261967595601866,0.004601240158081055,0.0004895901227128668,0.1,"(50, 50)",20,"{'NN__alpha': 0.1, 'NN__hidden_layer_sizes': (50, 50), 'gmm__n_components': 20}",0.7197802197802198,0.643646408839779,0.6128133704735376,0.7086834733893558,0.7605633802816901,0.6889259877573733,0.05342801285568252,33,0.7090020935101187,0.7393728222996516,0.7079276773296245,0.6666666666666666,0.8079056865464632,0.7261749892705048,0.046953600234416436
5,0.7835782051086426,0.1913911372762028,0.005601072311401367,0.000490096065864152,0.1,"(50, 50)",25,"{'NN__alpha': 0.1, 'NN__hidden_layer_sizes': (50, 50), 'gmm__n_components': 25}",0.7060439560439561,0.6104972375690608,0.7019498607242339,0.7254901960784313,0.6647887323943662,0.6816917084028937,0.04075190587160003,42,0.6936496859734822,0.7770034843205574,0.778164116828929,0.7270833333333333,0.7073509015256588,0.7366503043963922,0.03507366784735111
6,0.6859553337097168,0.14727268875126684,0.006201744079589844,0.00039982811353995464,0.1,"(50, 50)",30,"{'NN__alpha': 0.1, 'NN__hidden_layer_sizes': (50, 50), 'gmm__n_components': 30}",0.8131868131868132,0.7099447513812155,0.6155988857938719,0.8151260504201681,0.6253521126760564,0.7161936560934892,0.08665895859331782,9,0.7690160502442428,0.821602787456446,0.8337969401947148,0.7520833333333333,0.7295423023578363,0.7812082827173147,0.04015860964774035
7,0.6855556011199951,0.11816324094936885,0.008001708984375,1.1680077279964342e-07,0.1,"(50, 50)",35,"{'NN__alpha': 0.1, 'NN__hidden_layer_sizes': (50, 50), 'gmm__n_components': 35}",0.6153846153846154,0.6823204419889503,0.5710306406685237,0.803921568627451,0.5915492957746479,0.6527545909849749,0.08410149497357064,77,0.7397069085833915,0.7923344947735191,0.8463143254520167,0.7625,0.7773925104022191,0.7836496478422292,0.03583214225391002
8,0.6681518077850341,0.07050281161927102,0.009402084350585937,0.0010200947067532556,0.1,"(50, 50)",40,"{'NN__alpha': 0.1, 'NN__hidden_layer_sizes': (50, 50), 'gmm__n_components': 40}",0.5906593406593407,0.6104972375690608,0.5933147632311978,0.6050420168067226,0.5380281690140845,0.5876460767946577,0.02568906938333013,105,0.7815771109560363,0.8508710801393728,0.8511821974965229,0.7472222222222222,0.7877947295423023,0.8037294680712913,0.04101659364081298
9,0.13122973442077637,0.06539805405955103,0.0010004043579101562,1.5078914929239175e-07,0.1,"(50,)",2,"{'NN__alpha': 0.1, 'NN__hidden_layer_sizes': (50,), 'gmm__n_components': 2}",0.11538461538461539,0.16298342541436464,0.10306406685236769,0.10084033613445378,0.10140845070422536,0.11686143572621036,0.023773196127262915,173,0.12212142358688068,0.16794425087108014,0.11126564673157163,0.10208333333333333,0.10194174757281553,0.12107128041913626,0.024579706154175165
10,0.2828659534454346,0.06630617730656733,0.00200042724609375,1.9073486328124998e-07,0.1,"(50,)",5,"{'NN__alpha': 0.1, 'NN__hidden_layer_sizes': (50,), 'gmm__n_components': 5}",0.16483516483516483,0.2541436464088398,0.2785515320334262,0.2549019607843137,0.12394366197183099,0.21535893155258765,0.059828039660608213,149,0.21632937892533147,0.28780487804878047,0.33031988873435325,0.26319444444444445,0.130374479889043,0.2456046140083905,0.06841339838083516
11,0.6141396045684815,0.14337834209777492,0.002600574493408203,0.0004901933901734449,0.1,"(50,)",10,"{'NN__alpha': 0.1, 'NN__hidden_layer_sizes': (50,), 'gmm__n_components': 10}",0.32142857142857145,0.44751381215469616,0.6100278551532033,0.226890756302521,0.5267605633802817,0.4262659988870339,0.13767911320761794,137,0.3754361479413817,0.6418118466898954,0.7051460361613352,0.2513888888888889,0.5887656033287101,0.5125097046020424,0.17124018372452593
12,0.6417456150054932,0.06366222876740914,0.0034005165100097655,0.0004901155229937279,0.1,"(50,)",15,"{'NN__alpha': 0.1, 'NN__hidden_layer_sizes': (50,), 'gmm__n_components': 15}",0.489010989010989,0.6077348066298343,0.5626740947075209,0.7927170868347339,0.6197183098591549,0.6138007790762382,0.10025145085063979,92,0.5826936496859735,0.6473867595818815,0.6001390820584145,0.7173611111111111,0.6962552011095701,0.6487671607093902,0.05233077185038024
13,0.5911344051361084,0.07047470765962753,0.004400825500488282,0.0004899987686270633,0.1,"(50,)",20,"{'NN__alpha': 0.1, 'NN__hidden_layer_sizes': (50,), 'gmm__n_components': 20}",0.7197802197802198,0.6408839779005525,0.6657381615598886,0.7030812324929971,0.7605633802816901,0.6978297161936561,0.0417078304830415,22,0.7180739706908583,0.7560975609756098,0.7100139082058414,0.6701388888888888,0.7995839112343966,0.7307816479991189,0.04392032601728558
14,0.7265649318695069,0.19459803747258728,0.005601024627685547,0.0004899598350408929,0.1,"(50,)",25,"{'NN__alpha': 0.1, 'NN__hidden_layer_sizes': (50,), 'gmm__n_components': 25}",0.6813186813186813,0.6104972375690608,0.7019498607242339,0.7254901960784313,0.676056338028169,0.6789092932665554,0.038505985327660835,47,0.6824842986741103,0.778397212543554,0.7990264255910987,0.7125,0.7018030513176144,0.7348421976252755,0.04549453375988493
15,0.6217410087585449,0.15373683552341197,0.006601476669311523,0.0004900960426673038,0.1,"(50,)",30,"{'NN__alpha': 0.1, 'NN__hidden_layer_sizes': (50,), 'gmm__n_components': 30}",0.8131868131868132,0.7099447513812155,0.6155988857938719,0.8151260504201681,0.6225352112676056,0.7156371730662214,0.08724755895214048,11,0.7704117236566643,0.8125435540069686,0.8351877607788595,0.7604166666666666,0.7246879334257975,0.7806495277069913,0.039083318979759085
16,0.6453465461730957,0.09257469986549215,0.008201837539672852,0.0011665474576421525,0.1,"(50,)",35,"{'NN__alpha': 0.1, 'NN__hidden_layer_sizes': (50,), 'gmm__n_components': 35}",0.6181318681318682,0.6823204419889503,0.5710306406685237,0.803921568627451,0.6197183098591549,0.6588759042849193,0.08044308477772802,62,0.7508722958827634,0.8139372822299652,0.8504867872044506,0.7611111111111111,0.7766990291262136,0.7906213011109008,0.0368026515034647
17,0.5921344757080078,0.03358704196762298,0.009402036666870117,0.0008001327940903335,0.1,"(50,)",40,"{'NN__alpha': 0.1, 'NN__hidden_layer_sizes': (50,), 'gmm__n_components': 40}",0.5906593406593407,0.6104972375690608,0.5738161559888579,0.6078431372549019,0.5380281690140845,0.5843071786310517,0.026485675947535293,113,0.7871598046057222,0.8522648083623693,0.8504867872044506,0.7701388888888889,0.7829403606102635,0.808598129934339,0.035379300598527924
18,0.13383069038391113,0.07450291663077376,0.0010001659393310547,1.5078914929239175e-07,0.1,"(25,)",2,"{'NN__alpha': 0.1, 'NN__hidden_layer_sizes': (25,), 'gmm__n_components': 2}",0.09615384615384616,0.1685082872928177,0.10027855153203342,0.15966386554621848,0.10140845070422536,0.12520868113522537,0.03194675332665013,165,0.10258199581297976,0.1700348432055749,0.09596662030598054,0.12638888888888888,0.10124826629680998,0.1192441229020468,0.027473858160645355
19,0.28046360015869143,0.07761555477604022,0.0018004894256591797,0.0003999233956528511,0.1,"(25,)",5,"{'NN__alpha': 0.1, 'NN__hidden_layer_sizes': (25,), 'gmm__n_components': 5}",0.10164835164835165,0.2154696132596685,0.28690807799442897,0.10084033613445378,0.10140845070422536,0.16138007790762382,0.07680270748729796,157,0.10118632240055828,0.29965156794425085,0.3191933240611961,0.10138888888888889,0.10124826629680998,0.1845336739183408,0.10215835385015164
20,0.6181402683258057,0.140946070886321,0.0024004459381103517,0.000489940339242533,0.1,"(25,)",10,"{'NN__alpha': 0.1, 'NN__hidden_layer_sizes': (25,), 'gmm__n_components': 10}",0.27197802197802196,0.5082872928176796,0.6128133704735376,0.3025210084033613,0.5154929577464789,0.44184752365052865,0.13229318958522115,130,0.35519888346127004,0.6536585365853659,0.6835883171070932,0.3013888888888889,0.5915395284327323,0.5170748308950701,0.1578930580276629
21,0.6763534545898438,0.09536788634799798,0.0038008689880371094,0.0004000664041494148,0.1,"(25,)",15,"{'NN__alpha': 0.1, 'NN__hidden_layer_sizes': (25,), 'gmm__n_components': 15}",0.554945054945055,0.5966850828729282,0.5515320334261838,0.7899159663865546,0.6338028169014085,0.6249304396215916,0.08747771557113725,83,0.6078157711095603,0.6411149825783972,0.5994436717663422,0.7270833333333333,0.7108183079056866,0.6572552133386639,0.05252030326925689
22,0.5935346126556397,0.067976010516822,0.004601192474365234,0.0004899403624467531,0.1,"(25,)",20,"{'NN__alpha': 0.1, 'NN__hidden_layer_sizes': (25,), 'gmm__n_components': 20}",0.7197802197802198,0.6408839779005525,0.6629526462395543,0.7058823529411765,0.7605633802816901,0.6978297161936561,0.0422399522005824,22,0.7229588276343336,0.7533101045296168,0.7107093184979137,0.6777777777777778,0.7988904299583911,0.7327292916796065,0.040989940577163354
23,0.8219864845275879,0.2207941141354596,0.00600137710571289,0.0008946290186547822,0.1,"(25,)",25,"{'NN__alpha': 0.1, 'NN__hidden_layer_sizes': (25,), 'gmm__n_components': 25}",0.5961538461538461,0.6104972375690608,0.7103064066852368,0.7310924369747899,0.6619718309859155,0.6616583194212576,0.05316981940602304,59,0.636427076064201,0.7804878048780488,0.7906815020862309,0.7298611111111111,0.7052704576976422,0.7285455903674467,0.05583573810106075
24,0.6713524341583252,0.15722773964708125,0.0068016529083251955,0.0007484684201451308,0.1,"(25,)",30,"{'NN__alpha': 0.1, 'NN__hidden_layer_sizes': (25,), 'gmm__n_components': 30}",0.7939560439560439,0.712707182320442,0.6155988857938719,0.8151260504201681,0.6507042253521127,0.7178631051752922,0.07770373996615698,5,0.7787857641311933,0.8167247386759582,0.8344923504867872,0.7541666666666667,0.7246879334257975,0.7817714906772805,0.04007665650939217
25,0.6715527057647706,0.10693644640364475,0.008001565933227539,0.0006326358893339868,0.1,"(25,)",35,"{'NN__alpha': 0.1, 'NN__hidden_layer_sizes': (25,), 'gmm__n_components': 35}",0.6346153846153846,0.6823204419889503,0.5710306406685237,0.7955182072829131,0.6112676056338028,0.6588759042849193,0.07699762216193497,62,0.7090020935101187,0.8118466898954704,0.8518776077885952,0.7458333333333333,0.7690707350901526,0.777526091923534,0.049955007199242854
26,0.6509477138519287,0.06519252482092111,0.009402036666870117,0.0010200666506150243,0.1,"(25,)",40,"{'NN__alpha': 0.1, 'NN__hidden_layer_sizes': (25,), 'gmm__n_components': 40}",0.5906593406593407,0.6104972375690608,0.5933147632311978,0.6246498599439776,0.5352112676056338,0.5909849749582637,0.030289904392492618,103,0.7920446615491975,0.8508710801393728,0.8553546592489569,0.7729166666666667,0.7864077669902912,0.811518966918897,0.03455463862702917
27,0.1674379825592041,0.09154496392456989,0.001000213623046875,9.536743164062499e-08,0.1,"(25, 25)",2,"{'NN__alpha': 0.1, 'NN__hidden_layer_sizes': (25, 25), 'gmm__n_components': 2}",0.10164835164835165,0.1685082872928177,0.10306406685236769,0.11204481792717087,0.10140845070422536,0.11741791875347801,0.02595618386270005,172,0.09909281228192603,0.1700348432055749,0.11126564673157163,0.10555555555555556,0.10055478502080444,0.1173007285590865,0.02671034626971381
28,0.31487140655517576,0.09222365175055339,0.001800537109375,0.0004000664041494148,0.1,"(25, 25)",5,"{'NN__alpha': 0.1, 'NN__hidden_layer_sizes': (25, 25), 'gmm__n_components': 5}",0.17307692307692307,0.26795580110497236,0.3147632311977716,0.16526610644257703,0.10140845070422536,0.20478575403450194,0.0764547323782482,153,0.22470341939986044,0.3121951219512195,0.3435326842837274,0.18194444444444444,0.10194174757281553,0.23286348353041345,0.08756827848497536
29,0.6697520256042481,0.14187216713293252,0.002800655364990234,0.0007483792690504129,0.1,"(25, 25)",10,"{'NN__alpha': 0.1, 'NN__hidden_layer_sizes': (25, 25), 'gmm__n_components': 10}",0.3021978021978022,0.46408839779005523,0.6044568245125348,0.24089635854341737,0.5154929577464789,0.4251530328324986,0.13471278833553332,140,0.3572923935799023,0.6362369337979094,0.694019471488178,0.28055555555555556,0.5866851595006934,0.5109579027844477,0.16225863384448044
30,0.6987585067749024,0.08486882361738479,0.0038007259368896484,0.0003998757261607768,0.1,"(25, 25)",15,"{'NN__alpha': 0.1, 'NN__hidden_layer_sizes': (25, 25), 'gmm__n_components': 15}",0.5576923076923077,0.6049723756906077,0.5376044568245125,0.7759103641456583,0.6309859154929578,0.6210350584307178,0.0839052372272955,86,0.5994417306350314,0.6418118466898954,0.5737134909596662,0.7298611111111111,0.6983356449375867,0.6486327648666582,0.058562105319491194
31,0.6451465606689453,0.08670766829426149,0.004400920867919922,0.0004900182064194829,0.1,"(25, 25)",20,"{'NN__alpha': 0.1, 'NN__hidden_layer_sizes': (25, 25), 'gmm__n_components': 20}",0.7197802197802198,0.6408839779005525,0.6128133704735376,0.7058823529411765,0.7605633802816901,0.6878130217028381,0.05371047485969959,38,0.7292393579902303,0.7540069686411149,0.7058414464534075,0.6736111111111112,0.8072122052704577,0.7339822178932643,0.04521656768302886
32,0.8023820877075195,0.18542973263458656,0.005201101303100586,0.0007484556701690697,0.1,"(25, 25)",25,"{'NN__alpha': 0.1, 'NN__hidden_layer_sizes': (25, 25), 'gmm__n_components': 25}",0.6813186813186813,0.6104972375690608,0.7047353760445683,0.7226890756302521,0.647887323943662,0.6733444629938787,0.04021394098564187,54,0.683182135380321,0.778397212543554,0.778164116828929,0.7277777777777777,0.7052704576976422,0.7345583400456448,0.0383838012543668
33,0.7231641292572022,0.17114936209255346,0.007201719284057617,0.0007483792082861202,0.1,"(25, 25)",30,"{'NN__alpha': 0.1, 'NN__hidden_layer_sizes': (25, 25), 'gmm__n_components': 30}",0.7939560439560439,0.7099447513812155,0.6016713091922006,0.8179271708683473,0.6394366197183099,0.7128547579298832,0.08403434340207085,19,0.7641311933007676,0.8104529616724738,0.8289290681502086,0.7604166666666666,0.7191400832177531,0.776613994601574,0.03899581224471707
34,0.7145622253417969,0.1191901688498582,0.00800180435180664,0.0010958010467926177,0.1,"(25, 25)",35,"{'NN__alpha': 0.1, 'NN__hidden_layer_sizes': (25, 25), 'gmm__n_components': 35}",0.6208791208791209,0.6823204419889503,0.5710306406685237,0.7226890756302521,0.6140845070422535,0.6421814134668893,0.05358575179826177,80,0.7543614794138171,0.8,0.8456189151599444,0.7361111111111112,0.7725381414701803,0.7817259294310106,0.038288890041974916
35,0.6607502460479736,0.07771866942498401,0.009401798248291016,0.0010202536806777278,0.1,"(25, 25)",40,"{'NN__alpha': 0.1, 'NN__hidden_layer_sizes': (25, 25), 'gmm__n_components': 40}",0.5906593406593407,0.6104972375690608,0.5738161559888579,0.6078431372549019,0.532394366197183,0.5831942125765164,0.028452354941812044,117,0.7920446615491975,0.8515679442508711,0.8511821974965229,0.7347222222222223,0.7746185852981969,0.8008271221634022,0.04526398447597102
36,0.21924986839294433,0.054165830923695514,0.0014003753662109376,0.0004899598814474855,0.1,"(100, 25, 100)",2,"{'NN__alpha': 0.1, 'NN__hidden_layer_sizes': (100, 25, 100), 'gmm__n_components': 2}",0.11538461538461539,0.16298342541436464,0.10306406685236769,0.17086834733893558,0.09859154929577464,0.1302170283806344,0.030561752178411422,161,0.12212142358688068,0.1651567944250871,0.1133518776077886,0.13194444444444445,0.09847434119278779,0.1262097762513977,0.022365380331374606
37,0.39969072341918943,0.06953881357686925,0.0020005226135253905,2.78041453115716e-07,0.1,"(100, 25, 100)",5,"{'NN__alpha': 0.1, 'NN__hidden_layer_sizes': (100, 25, 100), 'gmm__n_components': 5}",0.16758241758241757,0.26795580110497236,0.3147632311977716,0.2549019607843137,0.12394366197183099,0.22593210907067335,0.06959477502190316,143,0.2016748080949058,0.3010452961672474,0.34840055632823363,0.2638888888888889,0.1317614424410541,0.24935419838406597,0.07588779657985126
38,0.7773766994476319,0.10742875826414201,0.0030004501342773436,2.78041453115716e-07,0.1,"(100, 25, 100)",10,"{'NN__alpha': 0.1, 'NN__hidden_layer_sizes': (100, 25, 100), 'gmm__n_components': 10}",0.3076923076923077,0.505524861878453,0.6100278551532033,0.2689075630252101,0.5352112676056338,0.44518642181413465,0.1332877312974809,125,0.3712491277041172,0.6536585365853659,0.7093184979137691,0.2916666666666667,0.6040221914008321,0.5259830040541502,0.16422531968889736
39,0.8145849704742432,0.04970501690679994,0.004401063919067383,0.0004901934133656865,0.1,"(100, 25, 100)",15,"{'NN__alpha': 0.1, 'NN__hidden_layer_sizes': (100, 25, 100), 'gmm__n_components': 15}",0.5576923076923077,0.6132596685082873,0.5654596100278552,0.7759103641456583,0.6225352112676056,0.6265998887033946,0.07859174954503251,81,0.6001395673412422,0.6425087108013937,0.6022253129346314,0.74375,0.7122052704576977,0.6601657723069929,0.05825194661588016
40,0.7013592720031738,0.11517518272320712,0.004800844192504883,0.00039997109357208085,0.1,"(100, 25, 100)",20,"{'NN__alpha': 0.1, 'NN__hidden_layer_sizes': (100, 25, 100), 'gmm__n_components': 20}",0.717032967032967,0.643646408839779,0.6629526462395543,0.7058823529411765,0.7605633802816901,0.6978297161936561,0.04122463787981828,22,0.7222609909281228,0.7554006968641115,0.7107093184979137,0.6777777777777778,0.8072122052704577,0.7346721978676768,0.04394759612855485
41,0.8473921775817871,0.18720803184296841,0.006201362609863282,0.000400018706226792,0.1,"(100, 25, 100)",25,"{'NN__alpha': 0.1, 'NN__hidden_layer_sizes': (100, 25, 100), 'gmm__n_components': 25}",0.6840659340659341,0.6104972375690608,0.7047353760445683,0.7254901960784313,0.6647887323943662,0.67779632721202,0.03937839426925774,50,0.6929518492672715,0.7790940766550523,0.7948539638386648,0.7263888888888889,0.7087378640776699,0.7404053285455094,0.03978088661065869
42,0.7809773921966553,0.16788328131186003,0.0076019287109375,0.0008001089291441989,0.1,"(100, 25, 100)",30,"{'NN__alpha': 0.1, 'NN__hidden_layer_sizes': (100, 25, 100), 'gmm__n_components': 30}",0.8104395604395604,0.7099447513812155,0.6155988857938719,0.8179271708683473,0.6816901408450704,0.7273233166388425,0.07743451224977056,1,0.7752965806001396,0.7930313588850174,0.8164116828929068,0.7611111111111111,0.7246879334257975,0.7741077333829944,0.030855696142758196
43,0.8557941436767578,0.16186306011785,0.00800180435180664,0.0006324097280858306,0.1,"(100, 25, 100)",35,"{'NN__alpha': 0.1, 'NN__hidden_layer_sizes': (100, 25, 100), 'gmm__n_components': 35}",0.6208791208791209,0.6823204419889503,0.5710306406685237,0.803921568627451,0.5943661971830986,0.654424040066778,0.08322652646810987,71,0.7466852756454989,0.8125435540069686,0.8525730180806675,0.7611111111111111,0.7780859916782247,0.7901997901044943,0.038147271671750534
44,0.8165852069854737,0.13446068092666918,0.009202003479003906,0.0003999472623788005,0.1,"(100, 25, 100)",40,"{'NN__alpha': 0.1, 'NN__hidden_layer_sizes': (100, 25, 100), 'gmm__n_components': 40}",0.5906593406593407,0.6104972375690608,0.5738161559888579,0.6218487394957983,0.5408450704225352,0.5876460767946577,0.02846658383522829,105,0.7927424982554082,0.8522648083623693,0.8511821974965229,0.7583333333333333,0.7877947295423023,0.8084635133979872,0.03723123234105508
45,0.17083868980407715,0.05880926785280092,0.0010002613067626952,1.1680077279964342e-07,0.01,"(50, 50)",2,"{'NN__alpha': 0.01, 'NN__hidden_layer_sizes': (50, 50), 'gmm__n_components': 2}",0.10714285714285714,0.16298342541436464,0.10027855153203342,0.09803921568627451,0.09577464788732394,0.11296605453533667,0.025409532580480485,178,0.11933007676203769,0.16794425087108014,0.10987482614742698,0.11736111111111111,0.09778085991678225,0.12245822496168764,0.02396688842996893
46,0.3050696849822998,0.0697869067956594,0.0020001411437988283,2.7804145311571603e-07,0.01,"(50, 50)",5,"{'NN__alpha': 0.01, 'NN__hidden_layer_sizes': (50, 50), 'gmm__n_components': 5}",0.16483516483516483,0.26795580110497236,0.3147632311977716,0.22969187675070027,0.1267605633802817,0.22092376182526433,0.06788929056027292,145,0.21144452198185626,0.3121951219512195,0.34840055632823363,0.2534722222222222,0.1289875173370319,0.25089998796411267,0.07705771208799081
47,0.6955575942993164,0.16862587106555949,0.0026006698608398438,0.0004899793579063824,0.01,"(50, 50)",10,"{'NN__alpha': 0.01, 'NN__hidden_layer_sizes': (50, 50), 'gmm__n_components': 10}",0.33791208791208793,0.505524861878453,0.6100278551532033,0.2969187675070028,0.5267605633802817,0.4552031163049527,0.11863582408682742,121,0.3754361479413817,0.6536585365853659,0.7051460361613352,0.3076388888888889,0.5901525658807212,0.5264064350915386,0.1567518921030979
48,0.7023595809936524,0.0712466058566701,0.003600740432739258,0.0004898040697486511,0.01,"(50, 50)",15,"{'NN__alpha': 0.01, 'NN__hidden_layer_sizes': (50, 50), 'gmm__n_components': 15}",0.554945054945055,0.6022099447513812,0.48467966573816157,0.7927170868347339,0.6225352112676056,0.6110183639398998,0.10210904662203327,98,0.6029309141660851,0.6348432055749129,0.5897079276773296,0.7347222222222223,0.7122052704576977,0.6548819080196495,0.05832417461888724
49,0.6477490901947022,0.10889908281719772,0.004998970031738281,0.000632422103172724,0.01,"(50, 50)",20,"{'NN__alpha': 0.01, 'NN__hidden_layer_sizes': (50, 50), 'gmm__n_components': 20}",0.7197802197802198,0.643646408839779,0.6128133704735376,0.7086834733893558,0.7605633802816901,0.6889259877573733,0.05342801285568252,33,0.7090020935101187,0.7393728222996516,0.7079276773296245,0.6784722222222223,0.8079056865464632,0.728536100381616,0.044112678838202794
50,0.7777763366699219,0.20833091268445092,0.00600128173828125,0.0006326358965221238,0.01,"(50, 50)",25,"{'NN__alpha': 0.01, 'NN__hidden_layer_sizes': (50, 50), 'gmm__n_components': 25}",0.7060439560439561,0.6104972375690608,0.7019498607242339,0.7254901960784313,0.6619718309859155,0.6811352253756261,0.04099741644481415,43,0.697138869504536,0.7770034843205574,0.778164116828929,0.7270833333333333,0.7031900138696255,0.7365159635713963,0.03499701981615015
51,0.715562391281128,0.2056511253976788,0.007001304626464843,1.9073486328125e-07,0.01,"(50, 50)",30,"{'NN__alpha': 0.01, 'NN__hidden_layer_sizes': (50, 50), 'gmm__n_components': 30}",0.8104395604395604,0.7099447513812155,0.6155988857938719,0.8151260504201681,0.6253521126760564,0.7156371730662214,0.08604094455128392,11,0.7739009071877181,0.8202090592334494,0.8337969401947148,0.7590277777777777,0.7295423023578363,0.7832953973502994,0.03867710767286014
52,0.7103615283966065,0.08745508189235325,0.008001613616943359,0.0010956268965904919,0.01,"(50, 50)",35,"{'NN__alpha': 0.01, 'NN__hidden_layer_sizes': (50, 50), 'gmm__n_components': 35}",0.6153846153846154,0.6823204419889503,0.5710306406685237,0.803921568627451,0.5915492957746479,0.6527545909849749,0.08410149497357064,77,0.7390090718771808,0.8118466898954704,0.844923504867872,0.7625,0.7773925104022191,0.7871343554085485,0.03733117516639974
53,0.6849573135375977,0.06307448060542001,0.008801794052124024,0.0011662775868565146,0.01,"(50, 50)",40,"{'NN__alpha': 0.01, 'NN__hidden_layer_sizes': (50, 50), 'gmm__n_components': 40}",0.5906593406593407,0.6104972375690608,0.5933147632311978,0.6050420168067226,0.5380281690140845,0.5876460767946577,0.02568906938333013,105,0.7815771109560363,0.8250871080139373,0.8511821974965229,0.7493055555555556,0.7877947295423023,0.7989893403128708,0.035502595198837784
54,0.12842907905578613,0.05903759838583597,0.001000213623046875,9.536743164062499e-08,0.01,"(50,)",2,"{'NN__alpha': 0.01, 'NN__hidden_layer_sizes': (50,), 'gmm__n_components': 2}",0.11538461538461539,0.16298342541436464,0.10306406685236769,0.10084033613445378,0.10140845070422536,0.11686143572621036,0.023773196127262915,173,0.12212142358688068,0.16794425087108014,0.11126564673157163,0.10208333333333333,0.10194174757281553,0.12107128041913626,0.024579706154175165
55,0.28106374740600587,0.06775909480636332,0.001800537109375,0.0004000664041494148,0.01,"(50,)",5,"{'NN__alpha': 0.01, 'NN__hidden_layer_sizes': (50,), 'gmm__n_components': 5}",0.16483516483516483,0.2541436464088398,0.2785515320334262,0.2549019607843137,0.12394366197183099,0.21535893155258765,0.059828039660608213,149,0.21632937892533147,0.28780487804878047,0.33031988873435325,0.26319444444444445,0.130374479889043,0.2456046140083905,0.06841339838083516
56,0.6167398929595947,0.1568065766981998,0.002800655364990234,0.00039992339565285114,0.01,"(50,)",10,"{'NN__alpha': 0.01, 'NN__hidden_layer_sizes': (50,), 'gmm__n_components': 10}",0.32142857142857145,0.44751381215469616,0.6100278551532033,0.226890756302521,0.5267605633802817,0.4262659988870339,0.13767911320761794,137,0.3754361479413817,0.6418118466898954,0.7051460361613352,0.2513888888888889,0.5887656033287101,0.5125097046020424,0.17124018372452593
57,0.6639504909515381,0.0753653666877714,0.00400075912475586,0.0006327867072257636,0.01,"(50,)",15,"{'NN__alpha': 0.01, 'NN__hidden_layer_sizes': (50,), 'gmm__n_components': 15}",0.489010989010989,0.6077348066298343,0.5682451253481894,0.7927170868347339,0.6197183098591549,0.6149137451307735,0.09970712383699014,91,0.5826936496859735,0.6473867595818815,0.6029207232267038,0.7173611111111111,0.6962552011095701,0.6493234889430479,0.05182317378033367
58,0.5729297637939453,0.06820419018200485,0.004200887680053711,0.0004003286752172009,0.01,"(50,)",20,"{'NN__alpha': 0.01, 'NN__hidden_layer_sizes': (50,), 'gmm__n_components': 20}",0.7197802197802198,0.6408839779005525,0.6657381615598886,0.7030812324929971,0.7605633802816901,0.6978297161936561,0.0417078304830415,22,0.7180739706908583,0.7560975609756098,0.7086230876216968,0.6701388888888888,0.7995839112343966,0.7305034838822901,0.044055172438256074
59,0.7463696002960205,0.20071990882991558,0.006401443481445312,0.0010199170353109412,0.01,"(50,)",25,"{'NN__alpha': 0.01, 'NN__hidden_layer_sizes': (50,), 'gmm__n_components': 25}",0.6813186813186813,0.6104972375690608,0.7019498607242339,0.7254901960784313,0.676056338028169,0.6789092932665554,0.038505985327660835,47,0.6824842986741103,0.778397212543554,0.7990264255910987,0.7125,0.7018030513176144,0.7348421976252755,0.04549453375988493
60,0.6261421203613281,0.157214661475567,0.0064013957977294925,0.0004900961122578451,0.01,"(50,)",30,"{'NN__alpha': 0.01, 'NN__hidden_layer_sizes': (50,), 'gmm__n_components': 30}",0.8131868131868132,0.7099447513812155,0.6155988857938719,0.8151260504201681,0.6225352112676056,0.7156371730662214,0.08724755895214048,11,0.7704117236566643,0.8125435540069686,0.8351877607788595,0.7604166666666666,0.7246879334257975,0.7806495277069913,0.039083318979759085
61,0.621141004562378,0.059702682710636425,0.00840167999267578,0.001356958260301595,0.01,"(50,)",35,"{'NN__alpha': 0.01, 'NN__hidden_layer_sizes': (50,), 'gmm__n_components': 35}",0.6181318681318682,0.6823204419889503,0.5710306406685237,0.803921568627451,0.6169014084507042,0.6583194212576516,0.08072130354741261,65,0.7508722958827634,0.8139372822299652,0.8504867872044506,0.7611111111111111,0.7642163661581137,0.7881247685172809,0.038064165158630855
62,0.6149396419525146,0.022706547734204004,0.009601974487304687,0.0010200760079478119,0.01,"(50,)",40,"{'NN__alpha': 0.01, 'NN__hidden_layer_sizes': (50,), 'gmm__n_components': 40}",0.5906593406593407,0.6104972375690608,0.5738161559888579,0.6078431372549019,0.5380281690140845,0.5843071786310517,0.026485675947535293,113,0.7871598046057222,0.8522648083623693,0.8504867872044506,0.7701388888888889,0.7829403606102635,0.808598129934339,0.035379300598527924
63,0.1372310161590576,0.07409644408592754,0.0014001846313476563,0.0004900182064194829,0.01,"(25,)",2,"{'NN__alpha': 0.01, 'NN__hidden_layer_sizes': (25,), 'gmm__n_components': 2}",0.09615384615384616,0.1685082872928177,0.10027855153203342,0.15966386554621848,0.10140845070422536,0.12520868113522537,0.03194675332665013,165,0.10258199581297976,0.1700348432055749,0.09596662030598054,0.12638888888888888,0.10124826629680998,0.1192441229020468,0.027473858160645355
64,0.26486029624938967,0.0763046913596756,0.0020005226135253905,0.0006324851073777583,0.01,"(25,)",5,"{'NN__alpha': 0.01, 'NN__hidden_layer_sizes': (25,), 'gmm__n_components': 5}",0.10164835164835165,0.2154696132596685,0.28690807799442897,0.10084033613445378,0.10140845070422536,0.16138007790762382,0.07680270748729796,157,0.10118632240055828,0.29965156794425085,0.3191933240611961,0.10138888888888889,0.10124826629680998,0.1845336739183408,0.10215835385015164
65,0.610938835144043,0.1431830717193244,0.002400636672973633,0.0004900765894038697,0.01,"(25,)",10,"{'NN__alpha': 0.01, 'NN__hidden_layer_sizes': (25,), 'gmm__n_components': 10}",0.27197802197802196,0.5082872928176796,0.6128133704735376,0.3025210084033613,0.5154929577464789,0.44184752365052865,0.13229318958522115,130,0.35519888346127004,0.6536585365853659,0.6835883171070932,0.3013888888888889,0.5915395284327323,0.5170748308950701,0.1578930580276629
66,0.6825551509857177,0.1078285985567722,0.0038001537322998047,0.0003998282272756502,0.01,"(25,)",15,"{'NN__alpha': 0.01, 'NN__hidden_layer_sizes': (25,), 'gmm__n_components': 15}",0.554945054945055,0.5966850828729282,0.5515320334261838,0.7703081232492998,0.6338028169014085,0.6210350584307178,0.08017601708004582,86,0.6078157711095603,0.6411149825783972,0.5994436717663422,0.7375,0.7108183079056866,0.6593385466719972,0.05537773800529973
67,0.6021365165710449,0.06103874275626207,0.005000972747802734,0.0008944690143106331,0.01,"(25,)",20,"{'NN__alpha': 0.01, 'NN__hidden_layer_sizes': (25,), 'gmm__n_components': 20}",0.7197802197802198,0.6408839779005525,0.6629526462395543,0.7058823529411765,0.7605633802816901,0.6978297161936561,0.0422399522005824,22,0.7222609909281228,0.7581881533101046,0.7107093184979137,0.6770833333333334,0.7988904299583911,0.7334264452055732,0.04174675306773597
68,0.7575719833374024,0.211167475149921,0.005601167678833008,0.000489979334704009,0.01,"(25,)",25,"{'NN__alpha': 0.01, 'NN__hidden_layer_sizes': (25,), 'gmm__n_components': 25}",0.5961538461538461,0.6104972375690608,0.7103064066852368,0.7282913165266106,0.6619718309859155,0.66110183639399,0.052449985533196436,61,0.636427076064201,0.7797909407665505,0.7906815020862309,0.7298611111111111,0.7052704576976422,0.7284062175451471,0.055706630506241875
69,0.6871561050415039,0.16834057712331713,0.006601285934448242,0.000490135030379915,0.01,"(25,)",30,"{'NN__alpha': 0.01, 'NN__hidden_layer_sizes': (25,), 'gmm__n_components': 30}",0.7939560439560439,0.712707182320442,0.6155988857938719,0.8151260504201681,0.6507042253521127,0.7178631051752922,0.07770373996615698,5,0.7787857641311933,0.8167247386759582,0.8344923504867872,0.7583333333333333,0.7253814147018031,0.7827435202658151,0.03933089586651578
70,0.6599499225616455,0.07703222567128626,0.008001756668090821,0.0006325605244155459,0.01,"(25,)",35,"{'NN__alpha': 0.01, 'NN__hidden_layer_sizes': (25,), 'gmm__n_components': 35}",0.6346153846153846,0.6823204419889503,0.5710306406685237,0.7955182072829131,0.6112676056338028,0.6588759042849193,0.07699762216193497,62,0.7090020935101187,0.8118466898954704,0.8518776077885952,0.7458333333333333,0.7690707350901526,0.777526091923534,0.049955007199242854
71,0.6699519157409668,0.050332553695340974,0.008401870727539062,0.0004900766357994065,0.01,"(25,)",40,"{'NN__alpha': 0.01, 'NN__hidden_layer_sizes': (25,), 'gmm__n_components': 40}",0.5906593406593407,0.6104972375690608,0.5933147632311978,0.6246498599439776,0.5380281690140845,0.5915414579855315,0.029268787975434352,101,0.7913468248429868,0.8508710801393728,0.8553546592489569,0.7729166666666667,0.7864077669902912,0.8113793995776548,0.034634331534786615
72,0.16003637313842772,0.06114661680405326,0.001200389862060547,0.0003999710651483163,0.01,"(25, 25)",2,"{'NN__alpha': 0.01, 'NN__hidden_layer_sizes': (25, 25), 'gmm__n_components': 2}",0.1043956043956044,0.1685082872928177,0.10306406685236769,0.11204481792717087,0.10140845070422536,0.11797440178074568,0.025639649256520482,169,0.11025819958129798,0.1700348432055749,0.11126564673157163,0.10555555555555556,0.10055478502080444,0.11953380601896091,0.025535656693251422
73,0.31207098960876467,0.0977727445515994,0.0018004894256591797,0.0003999233956528511,0.01,"(25, 25)",5,"{'NN__alpha': 0.01, 'NN__hidden_layer_sizes': (25, 25), 'gmm__n_components': 5}",0.17307692307692307,0.26795580110497236,0.3147632311977716,0.16526610644257703,0.10140845070422536,0.20478575403450194,0.0764547323782482,153,0.22470341939986044,0.3121951219512195,0.3435326842837274,0.18194444444444444,0.10194174757281553,0.23286348353041345,0.08756827848497536
74,0.6525482177734375,0.138688318054702,0.002600431442260742,0.0004898819214545809,0.01,"(25, 25)",10,"{'NN__alpha': 0.01, 'NN__hidden_layer_sizes': (25, 25), 'gmm__n_components': 10}",0.3021978021978022,0.46408839779005523,0.6044568245125348,0.24369747899159663,0.5154929577464789,0.4257095158597663,0.1339541452137857,139,0.3572923935799023,0.6362369337979094,0.694019471488178,0.27569444444444446,0.5866851595006934,0.5099856805622255,0.16364488896794446
75,0.6767539978027344,0.07011441528968425,0.003800630569458008,0.0007485830994097637,0.01,"(25, 25)",15,"{'NN__alpha': 0.01, 'NN__hidden_layer_sizes': (25, 25), 'gmm__n_components': 15}",0.5576923076923077,0.6049723756906077,0.5376044568245125,0.7759103641456583,0.6309859154929578,0.6210350584307178,0.0839052372272955,86,0.5994417306350314,0.6418118466898954,0.5737134909596662,0.7298611111111111,0.6983356449375867,0.6486327648666582,0.058562105319491194
76,0.6615499496459961,0.10339617367300946,0.005001068115234375,3.371747880871523e-07,0.01,"(25, 25)",20,"{'NN__alpha': 0.01, 'NN__hidden_layer_sizes': (25, 25), 'gmm__n_components': 20}",0.7197802197802198,0.6408839779005525,0.6128133704735376,0.7058823529411765,0.7605633802816901,0.6878130217028381,0.05371047485969959,38,0.7285415212840195,0.7540069686411149,0.7058414464534075,0.6736111111111112,0.8072122052704577,0.7338426505520221,0.04523206612457579
77,0.7887789726257324,0.1880466939316744,0.006001424789428711,0.0006325605603605124,0.01,"(25, 25)",25,"{'NN__alpha': 0.01, 'NN__hidden_layer_sizes': (25, 25), 'gmm__n_components': 25}",0.6813186813186813,0.6104972375690608,0.7047353760445683,0.7226890756302521,0.647887323943662,0.6733444629938787,0.04021394098564187,54,0.683182135380321,0.778397212543554,0.778164116828929,0.7277777777777777,0.7052704576976422,0.7345583400456448,0.0383838012543668
78,0.7111636638641358,0.16191616781647292,0.006399631500244141,0.0004913628647600034,0.01,"(25, 25)",30,"{'NN__alpha': 0.01, 'NN__hidden_layer_sizes': (25, 25), 'gmm__n_components': 30}",0.7939560439560439,0.7099447513812155,0.6044568245125348,0.8179271708683473,0.6394366197183099,0.7134112409571508,0.0833022681887131,18,0.7571528262386602,0.8111498257839721,0.8282336578581363,0.7604166666666666,0.7156726768377254,0.7745251306770322,0.04047327815924651
79,0.7177631378173828,0.10356594719425932,0.007601642608642578,0.000490096065864152,0.01,"(25, 25)",35,"{'NN__alpha': 0.01, 'NN__hidden_layer_sizes': (25, 25), 'gmm__n_components': 35}",0.6208791208791209,0.6823204419889503,0.5710306406685237,0.7815126050420168,0.6140845070422535,0.6538675570395103,0.07282812129811835,74,0.7543614794138171,0.8125435540069686,0.8456189151599444,0.7340277777777777,0.7725381414701803,0.7838179735657377,0.04029515755036989
80,0.6849555492401123,0.05420973240417476,0.009001922607421876,0.001095452797576062,0.01,"(25, 25)",40,"{'NN__alpha': 0.01, 'NN__hidden_layer_sizes': (25, 25), 'gmm__n_components': 40}",0.5906593406593407,0.6104972375690608,0.5738161559888579,0.6078431372549019,0.532394366197183,0.5831942125765164,0.028452354941812044,117,0.7913468248429868,0.8515679442508711,0.8511821974965229,0.7729166666666667,0.7746185852981969,0.808326443711049,0.03573464002190311
81,0.21744937896728517,0.05907806151471892,0.0014003753662109376,0.0004900571168092678,0.01,"(100, 25, 100)",2,"{'NN__alpha': 0.01, 'NN__hidden_layer_sizes': (100, 25, 100), 'gmm__n_components': 2}",0.11538461538461539,0.16298342541436464,0.10306406685236769,0.17086834733893558,0.09859154929577464,0.1302170283806344,0.030561752178411422,161,0.12212142358688068,0.1651567944250871,0.1133518776077886,0.13194444444444445,0.09847434119278779,0.1262097762513977,0.022365380331374606
82,0.4018914222717285,0.046306815820913935,0.002400493621826172,0.0004900960890609991,0.01,"(100, 25, 100)",5,"{'NN__alpha': 0.01, 'NN__hidden_layer_sizes': (100, 25, 100), 'gmm__n_components': 5}",0.16758241758241757,0.26795580110497236,0.3147632311977716,0.2549019607843137,0.12112676056338029,0.22537562604340566,0.07041448909413993,144,0.2016748080949058,0.3010452961672474,0.34840055632823363,0.2638888888888889,0.1276005547850208,0.2485220208528593,0.07718447930883222
83,0.7329666137695312,0.10508667694954467,0.0030005455017089845,3.504023183989303e-07,0.01,"(100, 25, 100)",10,"{'NN__alpha': 0.01, 'NN__hidden_layer_sizes': (100, 25, 100), 'gmm__n_components': 10}",0.3076923076923077,0.505524861878453,0.6100278551532033,0.2689075630252101,0.532394366197183,0.444629938786867,0.13291607352559887,126,0.3712491277041172,0.6536585365853659,0.7093184979137691,0.2916666666666667,0.5991678224687933,0.5250121302677424,0.1637748259285967
84,0.8005815505981445,0.04885190155551804,0.004201126098632812,0.00040009025666136835,0.01,"(100, 25, 100)",15,"{'NN__alpha': 0.01, 'NN__hidden_layer_sizes': (100, 25, 100), 'gmm__n_components': 15}",0.5576923076923077,0.6132596685082873,0.5654596100278552,0.7759103641456583,0.6225352112676056,0.6265998887033946,0.07859174954503251,81,0.6001395673412422,0.6425087108013937,0.6022253129346314,0.7444444444444445,0.7122052704576977,0.6603046611958818,0.0584515550354224
85,0.7047601699829101,0.10489204128110306,0.0050011157989501955,2.7804145311571603e-07,0.01,"(100, 25, 100)",20,"{'NN__alpha': 0.01, 'NN__hidden_layer_sizes': (100, 25, 100), 'gmm__n_components': 20}",0.717032967032967,0.643646408839779,0.6629526462395543,0.7058823529411765,0.7605633802816901,0.6978297161936561,0.04122463787981828,22,0.7222609909281228,0.7554006968641115,0.7107093184979137,0.6784722222222223,0.8072122052704577,0.7348110867565656,0.04376830314727622
86,0.8791995048522949,0.20703593985832466,0.006401491165161133,0.001020038602621387,0.01,"(100, 25, 100)",25,"{'NN__alpha': 0.01, 'NN__hidden_layer_sizes': (100, 25, 100), 'gmm__n_components': 25}",0.6840659340659341,0.6104972375690608,0.7047353760445683,0.7254901960784313,0.6647887323943662,0.67779632721202,0.03937839426925774,50,0.6929518492672715,0.7811846689895471,0.7955493741307371,0.7263888888888889,0.7080443828016644,0.7408238328156218,0.04049313207725431
87,0.776976490020752,0.16290062353665982,0.007201576232910156,0.0003999948892390431,0.01,"(100, 25, 100)",30,"{'NN__alpha': 0.01, 'NN__hidden_layer_sizes': (100, 25, 100), 'gmm__n_components': 30}",0.8104395604395604,0.7099447513812155,0.6155988857938719,0.8179271708683473,0.6816901408450704,0.7273233166388425,0.07743451224977056,1,0.7759944173063503,0.8125435540069686,0.8164116828929068,0.7611111111111111,0.7246879334257975,0.7781497397486269,0.034058877751301474
88,0.8363900184631348,0.14508235887909893,0.008401870727539062,0.000489979265096882,0.01,"(100, 25, 100)",35,"{'NN__alpha': 0.01, 'NN__hidden_layer_sizes': (100, 25, 100), 'gmm__n_components': 35}",0.6236263736263736,0.6823204419889503,0.5710306406685237,0.803921568627451,0.5943661971830986,0.6549805230940456,0.08300927344432561,69,0.7466852756454989,0.8139372822299652,0.8525730180806675,0.7583333333333333,0.7773925104022191,0.7897842839383368,0.03879699813858438
89,0.8181862354278564,0.12381780126726136,0.009401941299438476,0.0008001804422844891,0.01,"(100, 25, 100)",40,"{'NN__alpha': 0.01, 'NN__hidden_layer_sizes': (100, 25, 100), 'gmm__n_components': 40}",0.5906593406593407,0.6104972375690608,0.5738161559888579,0.6218487394957983,0.5408450704225352,0.5876460767946577,0.02846658383522829,105,0.7927424982554082,0.8522648083623693,0.8511821974965229,0.7638888888888888,0.7877947295423023,0.8095746245090982,0.03577293017205733
90,0.16823840141296387,0.05633089691432249,0.0010005474090576173,5.352483825837052e-07,0.001,"(50, 50)",2,"{'NN__alpha': 0.001, 'NN__hidden_layer_sizes': (50, 50), 'gmm__n_components': 2}",0.10714285714285714,0.16298342541436464,0.10027855153203342,0.09803921568627451,0.09577464788732394,0.11296605453533667,0.025409532580480485,178,0.11933007676203769,0.16794425087108014,0.10987482614742698,0.11736111111111111,0.09778085991678225,0.12245822496168764,0.02396688842996893
91,0.3052695274353027,0.06697335638427061,0.002000570297241211,4.264961199760036e-07,0.001,"(50, 50)",5,"{'NN__alpha': 0.001, 'NN__hidden_layer_sizes': (50, 50), 'gmm__n_components': 5}",0.16483516483516483,0.26519337016574585,0.3147632311977716,0.22969187675070027,0.1267605633802817,0.22036727879799667,0.06751176402787382,147,0.21144452198185626,0.3121951219512195,0.34840055632823363,0.2534722222222222,0.1289875173370319,0.25089998796411267,0.07705771208799081
92,0.6807563781738282,0.1656210642711431,0.0030009269714355467,1.784161275279017e-07,0.001,"(50, 50)",10,"{'NN__alpha': 0.001, 'NN__hidden_layer_sizes': (50, 50), 'gmm__n_components': 10}",0.33791208791208793,0.5,0.6100278551532033,0.2969187675070028,0.5267605633802817,0.4540901502504174,0.11818357016858262,124,0.3754361479413817,0.6536585365853659,0.7051460361613352,0.3076388888888889,0.5901525658807212,0.5264064350915386,0.1567518921030979
93,0.7055602550506592,0.07815253768028414,0.004000949859619141,4.623107774177865e-07,0.001,"(50, 50)",15,"{'NN__alpha': 0.001, 'NN__hidden_layer_sizes': (50, 50), 'gmm__n_components': 15}",0.554945054945055,0.6049723756906077,0.48467966573816157,0.7927170868347339,0.6225352112676056,0.6115748469671675,0.10206704415765974,97,0.6029309141660851,0.627177700348432,0.5890125173852573,0.7347222222222223,0.7122052704576977,0.6532097249159388,0.05907904565768964
94,0.6315433979034424,0.11858287746159507,0.004801034927368164,0.0004000664041494148,0.001,"(50, 50)",20,"{'NN__alpha': 0.001, 'NN__hidden_layer_sizes': (50, 50), 'gmm__n_components': 20}",0.7197802197802198,0.643646408839779,0.6128133704735376,0.7086834733893558,0.7605633802816901,0.6889259877573733,0.05342801285568252,33,0.7090020935101187,0.7393728222996516,0.7072322670375522,0.6784722222222223,0.8079056865464632,0.7283970183232016,0.04417848269639656
95,0.7911795616149903,0.20335330305255636,0.006201457977294922,0.0009800655847555144,0.001,"(50, 50)",25,"{'NN__alpha': 0.001, 'NN__hidden_layer_sizes': (50, 50), 'gmm__n_components': 25}",0.7060439560439561,0.6104972375690608,0.7019498607242339,0.7254901960784313,0.6619718309859155,0.6811352253756261,0.04099741644481415,43,0.697138869504536,0.7770034843205574,0.7788595271210014,0.7270833333333333,0.7052704576976422,0.7370711343954139,0.03477495456485655
96,0.6991590023040771,0.17916146887197912,0.006401205062866211,0.0008001804422844891,0.001,"(50, 50)",30,"{'NN__alpha': 0.001, 'NN__hidden_layer_sizes': (50, 50), 'gmm__n_components': 30}",0.8104395604395604,0.7099447513812155,0.6155988857938719,0.8151260504201681,0.6253521126760564,0.7156371730662214,0.08604094455128392,11,0.7739009071877181,0.8202090592334494,0.8337969401947148,0.7590277777777777,0.7281553398058253,0.7830180048398971,0.039064662500539055
97,0.6907569885253906,0.09448739431259122,0.007601594924926758,0.0004898625339533384,0.001,"(50, 50)",35,"{'NN__alpha': 0.001, 'NN__hidden_layer_sizes': (50, 50), 'gmm__n_components': 35}",0.6153846153846154,0.6823204419889503,0.5710306406685237,0.803921568627451,0.5915492957746479,0.6527545909849749,0.08410149497357064,77,0.7390090718771808,0.7923344947735191,0.844923504867872,0.7625,0.7773925104022191,0.7832319163841582,0.03551979734865697
98,0.66275053024292,0.0725604411849616,0.009001779556274413,0.0006324097352765382,0.001,"(50, 50)",40,"{'NN__alpha': 0.001, 'NN__hidden_layer_sizes': (50, 50), 'gmm__n_components': 40}",0.5906593406593407,0.6104972375690608,0.5933147632311978,0.6050420168067226,0.5380281690140845,0.5876460767946577,0.02568906938333013,105,0.7815771109560363,0.8250871080139373,0.8511821974965229,0.7416666666666667,0.7877947295423023,0.7974615625350931,0.037703875797348296
99,0.1298295497894287,0.06028430670276455,0.0010004520416259765,2.3360154559928684e-07,0.001,"(50,)",2,"{'NN__alpha': 0.001, 'NN__hidden_layer_sizes': (50,), 'gmm__n_components': 2}",0.11538461538461539,0.16298342541436464,0.10306406685236769,0.10084033613445378,0.10140845070422536,0.11686143572621036,0.023773196127262915,173,0.12212142358688068,0.16794425087108014,0.11126564673157163,0.10208333333333333,0.10194174757281553,0.12107128041913626,0.024579706154175165
100,0.2832645416259766,0.06932799959197398,0.002000284194946289,1.784161275279017e-07,0.001,"(50,)",5,"{'NN__alpha': 0.001, 'NN__hidden_layer_sizes': (50,), 'gmm__n_components': 5}",0.16483516483516483,0.2541436464088398,0.2785515320334262,0.2549019607843137,0.12394366197183099,0.21535893155258765,0.059828039660608213,149,0.21632937892533147,0.28850174216027874,0.33031988873435325,0.26319444444444445,0.130374479889043,0.24574398683069018,0.06849988260538438
101,0.6413456439971924,0.15021420811613187,0.0026004791259765627,0.0004899208473093904,0.001,"(50,)",10,"{'NN__alpha': 0.001, 'NN__hidden_layer_sizes': (50,), 'gmm__n_components': 10}",0.32142857142857145,0.44751381215469616,0.6100278551532033,0.30532212885154064,0.5267605633802817,0.44184752365052865,0.11713963511199528,130,0.3754361479413817,0.6411149825783972,0.7051460361613352,0.2972222222222222,0.5887656033287101,0.5215369984464092,0.15760294139697462
102,0.658549451828003,0.0652057493530046,0.003400897979736328,0.000490096065864152,0.001,"(50,)",15,"{'NN__alpha': 0.001, 'NN__hidden_layer_sizes': (50,), 'gmm__n_components': 15}",0.489010989010989,0.5994475138121547,0.5710306406685237,0.7927170868347339,0.6197183098591549,0.6138007790762382,0.0996377755208174,92,0.5826936496859735,0.6020905923344948,0.6022253129346314,0.7173611111111111,0.6969486823855756,0.6402638696903573,0.05545378933937936
103,0.5705294609069824,0.07778471499084447,0.004600906372070312,0.0004899013824479931,0.001,"(50,)",20,"{'NN__alpha': 0.001, 'NN__hidden_layer_sizes': (50,), 'gmm__n_components': 20}",0.7197802197802198,0.6408839779005525,0.6629526462395543,0.7002801120448179,0.7633802816901408,0.6972732331663885,0.04293719094474779,32,0.7180739706908583,0.7560975609756098,0.7086230876216968,0.6701388888888888,0.7995839112343966,0.7305034838822901,0.044055172438256074
104,0.7319663524627685,0.2059503524007225,0.005600976943969727,0.0004899210097453709,0.001,"(50,)",25,"{'NN__alpha': 0.001, 'NN__hidden_layer_sizes': (50,), 'gmm__n_components': 25}",0.6813186813186813,0.6104972375690608,0.7019498607242339,0.7254901960784313,0.676056338028169,0.6789092932665554,0.038505985327660835,47,0.6824842986741103,0.778397212543554,0.7990264255910987,0.7125,0.7018030513176144,0.7348421976252755,0.04549453375988493
105,0.6307427883148193,0.15335626933451726,0.0068015575408935545,0.0007484429169378523,0.001,"(50,)",30,"{'NN__alpha': 0.001, 'NN__hidden_layer_sizes': (50,), 'gmm__n_components': 30}",0.8131868131868132,0.7099447513812155,0.6155988857938719,0.8151260504201681,0.6225352112676056,0.7156371730662214,0.08724755895214048,11,0.7704117236566643,0.8125435540069686,0.8351877607788595,0.7604166666666666,0.7246879334257975,0.7806495277069913,0.039083318979759085
106,0.6467469692230224,0.08295135423504064,0.007801675796508789,0.0009799390469638753,0.001,"(50,)",35,"{'NN__alpha': 0.001, 'NN__hidden_layer_sizes': (50,), 'gmm__n_components': 35}",0.6181318681318682,0.6823204419889503,0.5710306406685237,0.803921568627451,0.6169014084507042,0.6583194212576516,0.08072130354741261,65,0.7508722958827634,0.8139372822299652,0.8497913769123783,0.7611111111111111,0.7642163661581137,0.7879856864588664,0.03783663791416506
107,0.5907340526580811,0.04999348562537253,0.008801937103271484,0.0007485831145966998,0.001,"(50,)",40,"{'NN__alpha': 0.001, 'NN__hidden_layer_sizes': (50,), 'gmm__n_components': 40}",0.5906593406593407,0.6104972375690608,0.5738161559888579,0.6078431372549019,0.5380281690140845,0.5843071786310517,0.026485675947535293,113,0.7871598046057222,0.8522648083623693,0.8504867872044506,0.7701388888888889,0.7829403606102635,0.808598129934339,0.035379300598527924
108,0.13823180198669432,0.07623393816202664,0.001200246810913086,0.0004000425445315194,0.001,"(25,)",2,"{'NN__alpha': 0.001, 'NN__hidden_layer_sizes': (25,), 'gmm__n_components': 2}",0.09615384615384616,0.1685082872928177,0.10027855153203342,0.15966386554621848,0.10140845070422536,0.12520868113522537,0.03194675332665013,165,0.10258199581297976,0.1700348432055749,0.09596662030598054,0.12638888888888888,0.10124826629680998,0.1192441229020468,0.027473858160645355
109,0.27146148681640625,0.07466969941893956,0.0018003463745117187,0.0004002094410833008,0.001,"(25,)",5,"{'NN__alpha': 0.001, 'NN__hidden_layer_sizes': (25,), 'gmm__n_components': 5}",0.10164835164835165,0.2154696132596685,0.28690807799442897,0.10084033613445378,0.10140845070422536,0.16138007790762382,0.07680270748729796,157,0.10118632240055828,0.29965156794425085,0.3191933240611961,0.10138888888888889,0.10124826629680998,0.1845336739183408,0.10215835385015164
110,0.6213414192199707,0.15057889946399333,0.0022005081176757813,0.00040011410206865087,0.001,"(25,)",10,"{'NN__alpha': 0.001, 'NN__hidden_layer_sizes': (25,), 'gmm__n_components': 10}",0.27197802197802196,0.5082872928176796,0.6128133704735376,0.3025210084033613,0.5154929577464789,0.44184752365052865,0.13229318958522115,130,0.35519888346127004,0.6536585365853659,0.6835883171070932,0.30069444444444443,0.5915395284327323,0.5169359420061812,0.15808291398974506
111,0.6671509742736816,0.09048529770542522,0.004200983047485352,0.00040004257295020516,0.001,"(25,)",15,"{'NN__alpha': 0.001, 'NN__hidden_layer_sizes': (25,), 'gmm__n_components': 15}",0.554945054945055,0.5966850828729282,0.5487465181058496,0.7899159663865546,0.6338028169014085,0.6243739565943238,0.08795044670003442,84,0.6078157711095603,0.6411149825783972,0.5994436717663422,0.7270833333333333,0.7108183079056866,0.6572552133386639,0.05252030326925689
112,0.6305430412292481,0.09950658129468802,0.005400991439819336,0.0008003234863281249,0.001,"(25,)",20,"{'NN__alpha': 0.001, 'NN__hidden_layer_sizes': (25,), 'gmm__n_components': 20}",0.7197802197802198,0.6408839779005525,0.6629526462395543,0.7058823529411765,0.7605633802816901,0.6978297161936561,0.0422399522005824,22,0.7222609909281228,0.7581881533101046,0.7107093184979137,0.6770833333333334,0.7988904299583911,0.7334264452055732,0.04174675306773597
113,0.7461693286895752,0.20292255177819732,0.0054012775421142575,0.0004900571400079586,0.001,"(25,)",25,"{'NN__alpha': 0.001, 'NN__hidden_layer_sizes': (25,), 'gmm__n_components': 25}",0.5961538461538461,0.6104972375690608,0.7103064066852368,0.7310924369747899,0.6619718309859155,0.6616583194212576,0.05316981940602304,59,0.636427076064201,0.7797909407665505,0.7906815020862309,0.7298611111111111,0.7052704576976422,0.7284062175451471,0.055706630506241875
114,0.6521480083465576,0.1605102711333723,0.006601285934448242,0.0004900377640788584,0.001,"(25,)",30,"{'NN__alpha': 0.001, 'NN__hidden_layer_sizes': (25,), 'gmm__n_components': 30}",0.7939560439560439,0.7099447513812155,0.6155988857938719,0.8151260504201681,0.6507042253521127,0.7173066221480244,0.07774855075445095,7,0.7787857641311933,0.8167247386759582,0.8344923504867872,0.7583333333333333,0.7253814147018031,0.7827435202658151,0.03933089586651578
115,0.6549489974975586,0.09273011535019884,0.007401227951049805,0.0004897846281002358,0.001,"(25,)",35,"{'NN__alpha': 0.001, 'NN__hidden_layer_sizes': (25,), 'gmm__n_components': 35}",0.6236263736263736,0.6823204419889503,0.5710306406685237,0.7955182072829131,0.6112676056338028,0.6566499721758486,0.07782123345640052,67,0.7536636427076064,0.8118466898954704,0.8511821974965229,0.7458333333333333,0.7690707350901526,0.786319319704617,0.03965315005923181
116,0.6627504348754882,0.05088615170147661,0.009401941299438476,0.001020010618501279,0.001,"(25,)",40,"{'NN__alpha': 0.001, 'NN__hidden_layer_sizes': (25,), 'gmm__n_components': 40}",0.5906593406593407,0.6104972375690608,0.5933147632311978,0.6246498599439776,0.5380281690140845,0.5915414579855315,0.029268787975434352,101,0.7913468248429868,0.8508710801393728,0.8553546592489569,0.7729166666666667,0.7864077669902912,0.8113793995776548,0.034634331534786615
117,0.16923813819885253,0.06702701358186894,0.0010003089904785157,2.431401974483864e-07,0.001,"(25, 25)",2,"{'NN__alpha': 0.001, 'NN__hidden_layer_sizes': (25, 25), 'gmm__n_components': 2}",0.1043956043956044,0.1685082872928177,0.10306406685236769,0.11204481792717087,0.10140845070422536,0.11797440178074568,0.025639649256520482,169,0.11025819958129798,0.1700348432055749,0.11126564673157163,0.10555555555555556,0.10055478502080444,0.11953380601896091,0.025535656693251422
118,0.30106825828552247,0.09485451764882591,0.0018002510070800782,0.00040004257295020516,0.001,"(25, 25)",5,"{'NN__alpha': 0.001, 'NN__hidden_layer_sizes': (25, 25), 'gmm__n_components': 5}",0.17307692307692307,0.26795580110497236,0.3147632311977716,0.16526610644257703,0.10140845070422536,0.20478575403450194,0.0764547323782482,153,0.22470341939986044,0.3121951219512195,0.3344923504867872,0.18194444444444444,0.10194174757281553,0.23105541677102542,0.08532927523486647
119,0.6515482425689697,0.13871779527023761,0.0028004169464111326,0.00039980412595877306,0.001,"(25, 25)",10,"{'NN__alpha': 0.001, 'NN__hidden_layer_sizes': (25, 25), 'gmm__n_components': 10}",0.3159340659340659,0.46685082872928174,0.6044568245125348,0.24369747899159663,0.5154929577464789,0.4290484140233723,0.13163477763364972,136,0.369155617585485,0.6362369337979094,0.694019471488178,0.27569444444444446,0.5866851595006934,0.512358325363342,0.16148558323172982
120,0.6919587135314942,0.0847561237315221,0.0040008544921875,0.0006327113135545586,0.001,"(25, 25)",15,"{'NN__alpha': 0.001, 'NN__hidden_layer_sizes': (25, 25), 'gmm__n_components': 15}",0.5576923076923077,0.6049723756906077,0.5376044568245125,0.7759103641456583,0.6309859154929578,0.6210350584307178,0.0839052372272955,86,0.5826936496859735,0.6418118466898954,0.5737134909596662,0.7298611111111111,0.6983356449375867,0.6452831486768467,0.061676106096599806
121,0.6503476619720459,0.09145698855531141,0.0048010826110839845,0.00039997109357208085,0.001,"(25, 25)",20,"{'NN__alpha': 0.001, 'NN__hidden_layer_sizes': (25, 25), 'gmm__n_components': 20}",0.7197802197802198,0.6408839779005525,0.6128133704735376,0.7058823529411765,0.7605633802816901,0.6878130217028381,0.05371047485969959,38,0.7285415212840195,0.7540069686411149,0.7058414464534075,0.6736111111111112,0.8072122052704577,0.7338426505520221,0.04523206612457579
122,0.8169854640960693,0.17430101597190922,0.005801534652709961,0.0007486087891902327,0.001,"(25, 25)",25,"{'NN__alpha': 0.001, 'NN__hidden_layer_sizes': (25, 25), 'gmm__n_components': 25}",0.6813186813186813,0.6104972375690608,0.7047353760445683,0.7226890756302521,0.647887323943662,0.6733444629938787,0.04021394098564187,54,0.683182135380321,0.778397212543554,0.778164116828929,0.7277777777777777,0.7052704576976422,0.7345583400456448,0.0383838012543668
123,0.7223639488220215,0.18279527089524392,0.007001495361328125,0.000632409702918353,0.001,"(25, 25)",30,"{'NN__alpha': 0.001, 'NN__hidden_layer_sizes': (25, 25), 'gmm__n_components': 30}",0.7939560439560439,0.7099447513812155,0.6044568245125348,0.8179271708683473,0.6535211267605634,0.7161936560934892,0.08098801630670982,9,0.7578506629448709,0.8111498257839721,0.8282336578581363,0.7597222222222222,0.723994452149792,0.7761901641917988,0.038112008464285634
124,0.7077607154846192,0.09593555124399593,0.008001613616943359,0.0010956704663076535,0.001,"(25, 25)",35,"{'NN__alpha': 0.001, 'NN__hidden_layer_sizes': (25, 25), 'gmm__n_components': 35}",0.6208791208791209,0.6823204419889503,0.5710306406685237,0.7815126050420168,0.6140845070422535,0.6538675570395103,0.07282812129811835,74,0.7543614794138171,0.8125435540069686,0.8456189151599444,0.7340277777777777,0.7725381414701803,0.7838179735657377,0.04029515755036989
125,0.6893566131591797,0.05545377607709271,0.008802270889282227,0.0004002334782256777,0.001,"(25, 25)",40,"{'NN__alpha': 0.001, 'NN__hidden_layer_sizes': (25, 25), 'gmm__n_components': 40}",0.5906593406593407,0.6104972375690608,0.5738161559888579,0.6078431372549019,0.532394366197183,0.5831942125765164,0.028452354941812044,117,0.7913468248429868,0.8515679442508711,0.8511821974965229,0.7729166666666667,0.7746185852981969,0.808326443711049,0.03573464002190311
126,0.2188498020172119,0.05688252809741484,0.0012000560760498046,0.000400018706226792,0.001,"(100, 25, 100)",2,"{'NN__alpha': 0.001, 'NN__hidden_layer_sizes': (100, 25, 100), 'gmm__n_components': 2}",0.11538461538461539,0.16298342541436464,0.10306406685236769,0.17086834733893558,0.09859154929577464,0.1302170283806344,0.030561752178411422,161,0.12212142358688068,0.1651567944250871,0.1133518776077886,0.13194444444444445,0.09847434119278779,0.1262097762513977,0.022365380331374606
127,0.40169105529785154,0.05219833721605762,0.002200603485107422,0.00040006683040406645,0.001,"(100, 25, 100)",5,"{'NN__alpha': 0.001, 'NN__hidden_layer_sizes': (100, 25, 100), 'gmm__n_components': 5}",0.17307692307692307,0.26795580110497236,0.3147632311977716,0.2549019607843137,0.12112676056338029,0.226488592097941,0.06953008716126075,141,0.1856245638520586,0.3010452961672474,0.34840055632823363,0.2638888888888889,0.1276005547850208,0.24531197200428986,0.07936891824487133
128,0.7577722549438477,0.14003739737114662,0.003000640869140625,1.9073486328124998e-07,0.001,"(100, 25, 100)",10,"{'NN__alpha': 0.001, 'NN__hidden_layer_sizes': (100, 25, 100), 'gmm__n_components': 10}",0.3076923076923077,0.505524861878453,0.6100278551532033,0.2689075630252101,0.532394366197183,0.444629938786867,0.13291607352559887,126,0.3712491277041172,0.6536585365853659,0.7093184979137691,0.2916666666666667,0.5991678224687933,0.5250121302677424,0.1637748259285967
129,0.8073831081390381,0.07090015401528392,0.004601097106933594,0.000800120867389726,0.001,"(100, 25, 100)",15,"{'NN__alpha': 0.001, 'NN__hidden_layer_sizes': (100, 25, 100), 'gmm__n_components': 15}",0.5576923076923077,0.6132596685082873,0.4986072423398329,0.773109243697479,0.6225352112676056,0.6126878130217028,0.09134812990078627,94,0.6001395673412422,0.6425087108013937,0.6022253129346314,0.7430555555555556,0.7122052704576977,0.6600268834181041,0.058052981008793546
130,0.7059600830078125,0.11221701710233944,0.0052010536193847655,0.00039997109357208085,0.001,"(100, 25, 100)",20,"{'NN__alpha': 0.001, 'NN__hidden_layer_sizes': (100, 25, 100), 'gmm__n_components': 20}",0.717032967032967,0.643646408839779,0.6629526462395543,0.7058823529411765,0.7605633802816901,0.6978297161936561,0.04122463787981828,22,0.7222609909281228,0.7554006968641115,0.7114047287899861,0.6784722222222223,0.8072122052704577,0.73495016881498,0.043692533556502273
131,0.8561943054199219,0.22154289519425605,0.006401729583740234,0.0004901156157774262,0.001,"(100, 25, 100)",25,"{'NN__alpha': 0.001, 'NN__hidden_layer_sizes': (100, 25, 100), 'gmm__n_components': 25}",0.6840659340659341,0.6104972375690608,0.7047353760445683,0.7254901960784313,0.6647887323943662,0.67779632721202,0.03937839426925774,50,0.6929518492672715,0.7811846689895471,0.7948539638386648,0.7263888888888889,0.7080443828016644,0.7406847507572072,0.04030568742539878
132,0.7939804077148438,0.16094088302871887,0.007401514053344727,0.0008003473619221674,0.001,"(100, 25, 100)",30,"{'NN__alpha': 0.001, 'NN__hidden_layer_sizes': (100, 25, 100), 'gmm__n_components': 30}",0.8104395604395604,0.7099447513812155,0.6155988857938719,0.8179271708683473,0.6816901408450704,0.7273233166388425,0.07743451224977056,1,0.7752965806001396,0.8125435540069686,0.8164116828929068,0.7590277777777777,0.7246879334257975,0.7775935057407181,0.034285035957678574
133,0.7969808101654052,0.08491537115075037,0.00780177116394043,0.0007484556549795477,0.001,"(100, 25, 100)",35,"{'NN__alpha': 0.001, 'NN__hidden_layer_sizes': (100, 25, 100), 'gmm__n_components': 35}",0.6208791208791209,0.6823204419889503,0.5710306406685237,0.803921568627451,0.5943661971830986,0.654424040066778,0.08322652646810987,71,0.7515701325889742,0.8132404181184669,0.8525730180806675,0.7583333333333333,0.7739251040221914,0.7899284012287267,0.03793022215022908
134,0.7999814987182617,0.13824497972959937,0.009402132034301758,0.000489999000641546,0.001,"(100, 25, 100)",40,"{'NN__alpha': 0.001, 'NN__hidden_layer_sizes': (100, 25, 100), 'gmm__n_components': 40}",0.5906593406593407,0.6104972375690608,0.5738161559888579,0.6218487394957983,0.5408450704225352,0.5876460767946577,0.02846658383522829,105,0.7920446615491975,0.8522648083623693,0.8511821974965229,0.7638888888888888,0.7877947295423023,0.8094350571678561,0.03583962722299458
135,0.16943883895874023,0.05899004738541315,0.0014002799987792968,0.0004901350071849108,0.0001,"(50, 50)",2,"{'NN__alpha': 0.0001, 'NN__hidden_layer_sizes': (50, 50), 'gmm__n_components': 2}",0.10714285714285714,0.16298342541436464,0.10027855153203342,0.09803921568627451,0.09577464788732394,0.11296605453533667,0.025409532580480485,178,0.11933007676203769,0.16794425087108014,0.10987482614742698,0.11736111111111111,0.09778085991678225,0.12245822496168764,0.02396688842996893
136,0.3014684677124023,0.06667397998418771,0.00200042724609375,1.9073486328125e-07,0.0001,"(50, 50)",5,"{'NN__alpha': 0.0001, 'NN__hidden_layer_sizes': (50, 50), 'gmm__n_components': 5}",0.16483516483516483,0.26519337016574585,0.3147632311977716,0.22969187675070027,0.1267605633802817,0.22036727879799667,0.06751176402787382,147,0.21144452198185626,0.3121951219512195,0.34840055632823363,0.2534722222222222,0.1289875173370319,0.25089998796411267,0.07705771208799081
137,0.6783541679382324,0.1640191667613039,0.0026003837585449217,0.000489940339242533,0.0001,"(50, 50)",10,"{'NN__alpha': 0.0001, 'NN__hidden_layer_sizes': (50, 50), 'gmm__n_components': 10}",0.34065934065934067,0.5,0.6100278551532033,0.2969187675070028,0.5267605633802817,0.454646633277685,0.11764044008883111,123,0.3754361479413817,0.6536585365853659,0.7051460361613352,0.3055555555555556,0.5901525658807212,0.525989768424872,0.15733453661179383
138,0.7083609104156494,0.06765347150410987,0.003800821304321289,0.00040016174316406247,0.0001,"(50, 50)",15,"{'NN__alpha': 0.0001, 'NN__hidden_layer_sizes': (50, 50), 'gmm__n_components': 15}",0.554945054945055,0.6049723756906077,0.49025069637883006,0.7927170868347339,0.6225352112676056,0.6126878130217028,0.10069847625088958,94,0.6029309141660851,0.627177700348432,0.5890125173852573,0.7347222222222223,0.7122052704576977,0.6532097249159388,0.05907904565768964
139,0.6403452396392822,0.1000895166610352,0.004401016235351563,0.0004900376712804197,0.0001,"(50, 50)",20,"{'NN__alpha': 0.0001, 'NN__hidden_layer_sizes': (50, 50), 'gmm__n_components': 20}",0.7197802197802198,0.643646408839779,0.6128133704735376,0.7086834733893558,0.7605633802816901,0.6889259877573733,0.05342801285568252,33,0.7090020935101187,0.7393728222996516,0.7079276773296245,0.6784722222222223,0.8079056865464632,0.728536100381616,0.044112678838202794
140,0.7723752975463867,0.18249962546918816,0.005601310729980468,0.0004901933901734449,0.0001,"(50, 50)",25,"{'NN__alpha': 0.0001, 'NN__hidden_layer_sizes': (50, 50), 'gmm__n_components': 25}",0.7060439560439561,0.6104972375690608,0.7019498607242339,0.7254901960784313,0.6676056338028169,0.6822481914301614,0.040535950440482894,41,0.6957431960921144,0.7777003484320557,0.7788595271210014,0.7270833333333333,0.7080443828016644,0.7374861575560339,0.03477484303701799
141,0.6833553791046143,0.15455298309076904,0.007401418685913086,0.0004902129130140637,0.0001,"(50, 50)",30,"{'NN__alpha': 0.0001, 'NN__hidden_layer_sizes': (50, 50), 'gmm__n_components': 30}",0.8131868131868132,0.7099447513812155,0.6155988857938719,0.8095238095238095,0.6253521126760564,0.7150806900389538,0.08540816542829968,17,0.7739009071877181,0.8202090592334494,0.8337969401947148,0.7527777777777778,0.7295423023578363,0.7820453973502993,0.0395327422128711
142,0.7145622253417969,0.09151225050761076,0.008001613616943359,0.0006325604884705772,0.0001,"(50, 50)",35,"{'NN__alpha': 0.0001, 'NN__hidden_layer_sizes': (50, 50), 'gmm__n_components': 35}",0.6208791208791209,0.6823204419889503,0.5710306406685237,0.803921568627451,0.5887323943661972,0.6533110740122426,0.08405576081791125,76,0.7473831123517097,0.8118466898954704,0.8456189151599444,0.7618055555555555,0.7773925104022191,0.7888093566729798,0.035591369823632986
143,0.6697523593902588,0.07192944280185065,0.008801603317260742,0.0004001380824320652,0.0001,"(50, 50)",40,"{'NN__alpha': 0.0001, 'NN__hidden_layer_sizes': (50, 50), 'gmm__n_components': 40}",0.5906593406593407,0.6104972375690608,0.5933147632311978,0.6050420168067226,0.5380281690140845,0.5876460767946577,0.02568906938333013,105,0.7815771109560363,0.8250871080139373,0.8511821974965229,0.7493055555555556,0.7877947295423023,0.7989893403128708,0.035502595198837784
144,0.13222994804382324,0.06295357214405406,0.001200246810913086,0.00040016177157428304,0.0001,"(50,)",2,"{'NN__alpha': 0.0001, 'NN__hidden_layer_sizes': (50,), 'gmm__n_components': 2}",0.11538461538461539,0.16298342541436464,0.10306406685236769,0.10084033613445378,0.10140845070422536,0.11686143572621036,0.023773196127262915,173,0.12212142358688068,0.16794425087108014,0.11126564673157163,0.10208333333333333,0.10194174757281553,0.12107128041913626,0.024579706154175165
145,0.2760631084442139,0.06438501075538437,0.001800394058227539,0.0003999954008360223,0.0001,"(50,)",5,"{'NN__alpha': 0.0001, 'NN__hidden_layer_sizes': (50,), 'gmm__n_components': 5}",0.16483516483516483,0.2541436464088398,0.2785515320334262,0.2549019607843137,0.12394366197183099,0.21535893155258765,0.059828039660608213,149,0.21632937892533147,0.28780487804878047,0.33031988873435325,0.26319444444444445,0.130374479889043,0.2456046140083905,0.06841339838083516
146,0.6223411560058594,0.15959488136409367,0.0028005599975585937,0.0004002333362000051,0.0001,"(50,)",10,"{'NN__alpha': 0.0001, 'NN__hidden_layer_sizes': (50,), 'gmm__n_components': 10}",0.32142857142857145,0.44751381215469616,0.6100278551532033,0.2773109243697479,0.5267605633802817,0.43628269337785197,0.12396001644407445,135,0.3754361479413817,0.6418118466898954,0.7051460361613352,0.275,0.5887656033287101,0.5172319268242644,0.1641531510985479
147,0.6513478755950928,0.06709300043484837,0.003600788116455078,0.0004896484360057233,0.0001,"(50,)",15,"{'NN__alpha': 0.0001, 'NN__hidden_layer_sizes': (50,), 'gmm__n_components': 15}",0.489010989010989,0.5939226519337016,0.5710306406685237,0.7927170868347339,0.6197183098591549,0.6126878130217028,0.09982257257277183,94,0.5826936496859735,0.6020905923344948,0.6022253129346314,0.7173611111111111,0.6969486823855756,0.6402638696903573,0.05545378933937936
148,0.5969355583190918,0.057910759565984175,0.004803180694580078,0.0007494869661534666,0.0001,"(50,)",20,"{'NN__alpha': 0.0001, 'NN__hidden_layer_sizes': (50,), 'gmm__n_components': 20}",0.7197802197802198,0.6408839779005525,0.6629526462395543,0.7058823529411765,0.7633802816901408,0.6983861992209237,0.043073099319386604,21,0.7180739706908583,0.7560975609756098,0.7100139082058414,0.6701388888888888,0.7995839112343966,0.7307816479991189,0.04392032601728558
149,0.7265650272369385,0.20082858884649657,0.0066013336181640625,0.0007999539743920436,0.0001,"(50,)",25,"{'NN__alpha': 0.0001, 'NN__hidden_layer_sizes': (50,), 'gmm__n_components': 25}",0.6868131868131868,0.6104972375690608,0.7047353760445683,0.7254901960784313,0.676056338028169,0.6805787423483584,0.03896916267516109,45,0.6824842986741103,0.778397212543554,0.7990264255910987,0.7125,0.7018030513176144,0.7348421976252755,0.04549453375988493
150,0.6189407348632813,0.14168683864760107,0.006601285934448242,0.0004900376712804196,0.0001,"(50,)",30,"{'NN__alpha': 0.0001, 'NN__hidden_layer_sizes': (50,), 'gmm__n_components': 30}",0.8131868131868132,0.7099447513812155,0.6155988857938719,0.8011204481792717,0.6225352112676056,0.7128547579298832,0.08420050707858624,19,0.7704117236566643,0.8125435540069686,0.8351877607788595,0.7284722222222222,0.7246879334257975,0.7742606388181024,0.0441509731443577
151,0.641945743560791,0.11079050269503149,0.00800166130065918,0.0006326358821458496,0.0001,"(50,)",35,"{'NN__alpha': 0.0001, 'NN__hidden_layer_sizes': (50,), 'gmm__n_components': 35}",0.6401098901098901,0.6823204419889503,0.5710306406685237,0.803921568627451,0.6197183098591549,0.6633277685030606,0.07865329064867278,58,0.7452896022330775,0.8139372822299652,0.8497913769123783,0.7611111111111111,0.7773925104022191,0.7895043765777502,0.03778706229497294
152,0.6193408012390137,0.036501913426535366,0.009001922607421876,0.0010958445722380487,0.0001,"(50,)",40,"{'NN__alpha': 0.0001, 'NN__hidden_layer_sizes': (50,), 'gmm__n_components': 40}",0.5906593406593407,0.6104972375690608,0.5738161559888579,0.6078431372549019,0.5380281690140845,0.5843071786310517,0.026485675947535293,113,0.7871598046057222,0.8529616724738676,0.8504867872044506,0.7736111111111111,0.7808599167822469,0.8090158584354796,0.03514260313906617
153,0.13943166732788087,0.08410848319819077,0.001000213623046875,1.784161275279017e-07,0.0001,"(25,)",2,"{'NN__alpha': 0.0001, 'NN__hidden_layer_sizes': (25,), 'gmm__n_components': 2}",0.09615384615384616,0.1685082872928177,0.10027855153203342,0.15966386554621848,0.10140845070422536,0.12520868113522537,0.03194675332665013,165,0.10258199581297976,0.1700348432055749,0.09596662030598054,0.12638888888888888,0.10124826629680998,0.1192441229020468,0.027473858160645355
154,0.270661735534668,0.07460781887375703,0.0016004562377929688,0.0004899403392425328,0.0001,"(25,)",5,"{'NN__alpha': 0.0001, 'NN__hidden_layer_sizes': (25,), 'gmm__n_components': 5}",0.10164835164835165,0.2154696132596685,0.28690807799442897,0.10084033613445378,0.10140845070422536,0.16138007790762382,0.07680270748729796,157,0.10118632240055828,0.29965156794425085,0.3191933240611961,0.10138888888888889,0.10124826629680998,0.1845336739183408,0.10215835385015164
155,0.6015366077423095,0.1474929614154676,0.003000497817993164,1.5078914929239175e-07,0.0001,"(25,)",10,"{'NN__alpha': 0.0001, 'NN__hidden_layer_sizes': (25,), 'gmm__n_components': 10}",0.27197802197802196,0.5082872928176796,0.6128133704735376,0.3025210084033613,0.5154929577464789,0.44184752365052865,0.13229318958522115,130,0.35519888346127004,0.6536585365853659,0.6835883171070932,0.30069444444444443,0.5915395284327323,0.5169359420061812,0.15808291398974506
156,0.6731526851654053,0.08570261332865835,0.004200983047485352,0.0004000426297875707,0.0001,"(25,)",15,"{'NN__alpha': 0.0001, 'NN__hidden_layer_sizes': (25,), 'gmm__n_components': 15}",0.554945054945055,0.5966850828729282,0.5487465181058496,0.7899159663865546,0.6338028169014085,0.6243739565943238,0.08795044670003442,84,0.6078157711095603,0.6411149825783972,0.5994436717663422,0.7270833333333333,0.7108183079056866,0.6572552133386639,0.05252030326925689
157,0.6071378707885742,0.06698424861891546,0.004601097106933594,0.0004898624643296147,0.0001,"(25,)",20,"{'NN__alpha': 0.0001, 'NN__hidden_layer_sizes': (25,), 'gmm__n_components': 20}",0.7197802197802198,0.6408839779005525,0.6629526462395543,0.7058823529411765,0.7605633802816901,0.6978297161936561,0.0422399522005824,22,0.7222609909281228,0.7554006968641115,0.7107093184979137,0.6770833333333334,0.7988904299583911,0.7328689539163745,0.04142976833993574
158,0.758772325515747,0.19874917391348837,0.005401182174682617,0.0004901350071849108,0.0001,"(25,)",25,"{'NN__alpha': 0.0001, 'NN__hidden_layer_sizes': (25,), 'gmm__n_components': 25}",0.6785714285714286,0.6104972375690608,0.7075208913649025,0.7450980392156863,0.6619718309859155,0.6805787423483584,0.04506222487938305,45,0.6810886252616888,0.7797909407665505,0.7906815020862309,0.725,0.7052704576976422,0.7363663051624225,0.0423971841329812
159,0.6723525047302246,0.18014785329587463,0.006801462173461914,0.0007484811668662019,0.0001,"(25,)",30,"{'NN__alpha': 0.0001, 'NN__hidden_layer_sizes': (25,), 'gmm__n_components': 30}",0.7939560439560439,0.7099447513812155,0.6155988857938719,0.8151260504201681,0.6507042253521127,0.7173066221480244,0.07774855075445095,7,0.7787857641311933,0.8167247386759582,0.8344923504867872,0.7611111111111111,0.7253814147018031,0.7832990758213706,0.03900040394199736
160,0.6679517745971679,0.09115702006150994,0.008001613616943359,0.0010959316096441827,0.0001,"(25,)",35,"{'NN__alpha': 0.0001, 'NN__hidden_layer_sizes': (25,), 'gmm__n_components': 35}",0.6236263736263736,0.6823204419889503,0.5710306406685237,0.7955182072829131,0.6112676056338028,0.6566499721758486,0.07782123345640052,67,0.7529658060013956,0.8118466898954704,0.8504867872044506,0.7458333333333333,0.7690707350901526,0.7860406703049605,0.039541896582669135
161,0.6613503456115722,0.053026882918482114,0.009602069854736328,0.0012003978213165096,0.0001,"(25,)",40,"{'NN__alpha': 0.0001, 'NN__hidden_layer_sizes': (25,), 'gmm__n_components': 40}",0.5906593406593407,0.6104972375690608,0.5933147632311978,0.6078431372549019,0.543661971830986,0.5893155258764607,0.023955901766186786,104,0.7913468248429868,0.8508710801393728,0.8553546592489569,0.7743055555555556,0.7877947295423023,0.8119345698658348,0.03412883194090971
162,0.15163474082946776,0.05995209489667216,0.001200103759765625,0.00039999486081696955,0.0001,"(25, 25)",2,"{'NN__alpha': 0.0001, 'NN__hidden_layer_sizes': (25, 25), 'gmm__n_components': 2}",0.1043956043956044,0.1685082872928177,0.10306406685236769,0.11204481792717087,0.10140845070422536,0.11797440178074568,0.025639649256520482,169,0.11025819958129798,0.1700348432055749,0.11126564673157163,0.10555555555555556,0.10055478502080444,0.11953380601896091,0.025535656693251422
163,0.2998681545257568,0.09740723687784865,0.001800537109375,0.0003999472623788005,0.0001,"(25, 25)",5,"{'NN__alpha': 0.0001, 'NN__hidden_layer_sizes': (25, 25), 'gmm__n_components': 5}",0.17307692307692307,0.26795580110497236,0.3147632311977716,0.16526610644257703,0.10140845070422536,0.20478575403450194,0.0764547323782482,153,0.22470341939986044,0.3121951219512195,0.3344923504867872,0.18194444444444444,0.10194174757281553,0.23105541677102542,0.08532927523486647
164,0.6907567024230957,0.1505841515492738,0.0026006221771240233,0.0004901350071849108,0.0001,"(25, 25)",10,"{'NN__alpha': 0.0001, 'NN__hidden_layer_sizes': (25, 25), 'gmm__n_components': 10}",0.3324175824175824,0.5248618784530387,0.6044568245125348,0.24369747899159663,0.5154929577464789,0.44407345575959933,0.13402648751398433,128,0.3740404745289602,0.6473867595818815,0.694019471488178,0.27569444444444446,0.5866851595006934,0.5155652619088315,0.16238726952121785
165,0.7173625946044921,0.06194723779073111,0.0038010597229003905,0.00040004257295020516,0.0001,"(25, 25)",15,"{'NN__alpha': 0.0001, 'NN__hidden_layer_sizes': (25, 25), 'gmm__n_components': 15}",0.5576923076923077,0.6049723756906077,0.5181058495821727,0.7759103641456583,0.6309859154929578,0.6171396772398442,0.08803895353720842,90,0.5959525471039777,0.6418118466898954,0.5757997218358831,0.7340277777777777,0.6983356449375867,0.6491855076690242,0.05981227185089661
166,0.6417455196380615,0.10983128095206754,0.005001211166381836,0.0006325605100375587,0.0001,"(25, 25)",20,"{'NN__alpha': 0.0001, 'NN__hidden_layer_sizes': (25, 25), 'gmm__n_components': 20}",0.7197802197802198,0.6408839779005525,0.6155988857938719,0.7058823529411765,0.7605633802816901,0.6883695047301057,0.05293943201784981,37,0.7166782972784368,0.7540069686411149,0.6974965229485396,0.6736111111111112,0.8072122052704577,0.729801021049932,0.04680066622797134
167,0.775976037979126,0.17350144996555394,0.00560145378112793,0.0004900182064194829,0.0001,"(25, 25)",25,"{'NN__alpha': 0.0001, 'NN__hidden_layer_sizes': (25, 25), 'gmm__n_components': 25}",0.6813186813186813,0.6104972375690608,0.7047353760445683,0.7226890756302521,0.647887323943662,0.6733444629938787,0.04021394098564187,54,0.6810886252616888,0.7777003484320557,0.778164116828929,0.7277777777777777,0.7052704576976422,0.7340002651996187,0.03879150910958324
168,0.7101613998413085,0.1496710680057808,0.0070015907287597655,9.536743164062499e-08,0.0001,"(25, 25)",30,"{'NN__alpha': 0.0001, 'NN__hidden_layer_sizes': (25, 25), 'gmm__n_components': 30}",0.7939560439560439,0.7099447513812155,0.6016713091922006,0.8179271708683473,0.6535211267605634,0.7156371730662214,0.0817597609128424,11,0.7571528262386602,0.8111498257839721,0.8282336578581363,0.7597222222222222,0.7226074895977809,0.7757732043401544,0.03856047266243436
169,0.6997588157653809,0.1078145598166829,0.008601903915405273,0.001019973150588105,0.0001,"(25, 25)",35,"{'NN__alpha': 0.0001, 'NN__hidden_layer_sizes': (25, 25), 'gmm__n_components': 35}",0.6236263736263736,0.6823204419889503,0.5710306406685237,0.7843137254901961,0.6140845070422535,0.6549805230940456,0.07356040871083235,69,0.7487787857641311,0.8,0.8456189151599444,0.7340277777777777,0.7725381414701803,0.7801927240344068,0.039622077384032346
170,0.6989586353302002,0.06323910783742248,0.008801889419555665,0.001166580176999919,0.0001,"(25, 25)",40,"{'NN__alpha': 0.0001, 'NN__hidden_layer_sizes': (25, 25), 'gmm__n_components': 40}",0.5906593406593407,0.6104972375690608,0.5738161559888579,0.6078431372549019,0.532394366197183,0.5831942125765164,0.028452354941812044,117,0.7871598046057222,0.8515679442508711,0.8511821974965229,0.7729166666666667,0.7746185852981969,0.807489039663596,0.03616914545269777
171,0.21804990768432617,0.058315880389226846,0.0014001846313476563,0.0004898235152673564,0.0001,"(100, 25, 100)",2,"{'NN__alpha': 0.0001, 'NN__hidden_layer_sizes': (100, 25, 100), 'gmm__n_components': 2}",0.11538461538461539,0.16298342541436464,0.10306406685236769,0.17086834733893558,0.09859154929577464,0.1302170283806344,0.030561752178411422,161,0.12212142358688068,0.1651567944250871,0.1133518776077886,0.13194444444444445,0.09847434119278779,0.1262097762513977,0.022365380331374606
172,0.401091194152832,0.05786812900129751,0.00200042724609375,1.1680077279964343e-07,0.0001,"(100, 25, 100)",5,"{'NN__alpha': 0.0001, 'NN__hidden_layer_sizes': (100, 25, 100), 'gmm__n_components': 5}",0.17307692307692307,0.26795580110497236,0.3147632311977716,0.2549019607843137,0.12112676056338029,0.226488592097941,0.06953008716126075,141,0.1856245638520586,0.3010452961672474,0.34840055632823363,0.2638888888888889,0.12829403606102635,0.24545066825949097,0.0791634376744747
173,0.7757764339447022,0.09431543156983727,0.0032004833221435545,0.0004000902850766651,0.0001,"(100, 25, 100)",10,"{'NN__alpha': 0.0001, 'NN__hidden_layer_sizes': (100, 25, 100), 'gmm__n_components': 10}",0.30494505494505497,0.505524861878453,0.6100278551532033,0.2689075630252101,0.532394366197183,0.44407345575959933,0.13349272887548952,128,0.3705512909979065,0.6536585365853659,0.7107093184979137,0.2916666666666667,0.5991678224687933,0.5251507270433292,0.16421971286460088
174,0.8163853645324707,0.0847857878484909,0.004800939559936523,0.000748366450713617,0.0001,"(100, 25, 100)",15,"{'NN__alpha': 0.0001, 'NN__hidden_layer_sizes': (100, 25, 100), 'gmm__n_components': 15}",0.5576923076923077,0.6077348066298343,0.4986072423398329,0.7703081232492998,0.6225352112676056,0.6110183639398998,0.09038575671861236,98,0.5994417306350314,0.643205574912892,0.6022253129346314,0.7451388888888889,0.7122052704576977,0.6604433555658282,0.0587542492284516
175,0.7071606159210205,0.11186985994446465,0.005000925064086914,2.4314019744838644e-07,0.0001,"(100, 25, 100)",20,"{'NN__alpha': 0.0001, 'NN__hidden_layer_sizes': (100, 25, 100), 'gmm__n_components': 20}",0.717032967032967,0.643646408839779,0.6629526462395543,0.7058823529411765,0.7605633802816901,0.6978297161936561,0.04122463787981828,22,0.7222609909281228,0.7554006968641115,0.7114047287899861,0.6784722222222223,0.8072122052704577,0.73495016881498,0.043692533556502273
176,0.8449918746948242,0.2117860055474981,0.006401443481445312,0.0004900571168092678,0.0001,"(100, 25, 100)",25,"{'NN__alpha': 0.0001, 'NN__hidden_layer_sizes': (100, 25, 100), 'gmm__n_components': 25}",0.6840659340659341,0.6104972375690608,0.7047353760445683,0.7254901960784313,0.6507042253521127,0.6750139120756817,0.04067542383592836,53,0.6908583391486393,0.7811846689895471,0.7948539638386648,0.7263888888888889,0.7094313453536755,0.740543441243883,0.04059129337791486
177,0.7921797275543213,0.16860511128091177,0.0068015575408935545,0.00039992333879854,0.0001,"(100, 25, 100)",30,"{'NN__alpha': 0.0001, 'NN__hidden_layer_sizes': (100, 25, 100), 'gmm__n_components': 30}",0.7939560439560439,0.7099447513812155,0.6155988857938719,0.8179271708683473,0.6816901408450704,0.7239844184752365,0.07406050824660484,4,0.7787857641311933,0.7930313588850174,0.8157162726008345,0.7590277777777777,0.7246879334257975,0.7742498213641241,0.030922091952379934
178,0.8113839626312256,0.11162334283860373,0.008002042770385742,7.688768146799612e-07,0.0001,"(100, 25, 100)",35,"{'NN__alpha': 0.0001, 'NN__hidden_layer_sizes': (100, 25, 100), 'gmm__n_components': 35}",0.6208791208791209,0.6823204419889503,0.5710306406685237,0.803921568627451,0.5943661971830986,0.654424040066778,0.08322652646810987,71,0.7466852756454989,0.8132404181184669,0.8525730180806675,0.7583333333333333,0.7773925104022191,0.7896449111160371,0.03871113819848103
179,0.777776575088501,0.09464593570370478,0.009001874923706054,0.0006328620703585204,0.0001,"(100, 25, 100)",40,"{'NN__alpha': 0.0001, 'NN__hidden_layer_sizes': (100, 25, 100), 'gmm__n_components': 40}",0.5906593406593407,0.6104972375690608,0.5738161559888579,0.6218487394957983,0.5408450704225352,0.5876460767946577,0.02846658383522829,105,0.7892533147243544,0.8522648083623693,0.8511821974965229,0.7638888888888888,0.7877947295423023,0.8088767878028875,0.03612675723692658
