instance,x,y,target
0,-19.81635475,-39.04929352,1
1,19.69631386,-3.2176404,-1
2,-16.73415756,-17.89033318,-1
3,5.546829224,-13.65444183,-1
4,-50.88695526,-6.579526424,-1
5,7.040071011,21.24696159,-1
6,44.08815765,35.01384735,1
7,5.354171276,38.9384346,1
8,-30.94864655,-12.76916695,-1
9,2.665638447,17.83815193,-1
10,-14.46615219,21.32606506,1
11,9.181180954,33.10005188,-1
12,-16.60486031,-3.047430515,-1
13,-34.19558334,-5.398972034,-1
14,-34.21520996,-11.78021049,-1
15,-21.03660583,10.59579182,1
16,5.649030209,23.00780678,-1
17,4.08706665,24.15366173,1
18,-10.48117256,-24.35386276,1
19,-15.37383842,-20.75176048,1
20,36.50302124,14.51870346,1
21,-10.4851532,49.42045975,1
22,12.7521143,-39.10220718,1
23,17.60319901,2.230237961,1
24,4.189174652,-40.13952255,-1
25,-1.413244963,-11.40295982,-1
26,-6.30928421,42.53227615,1
27,-22.97223282,20.12678528,1
28,-46.51410675,17.0383358,1
29,19.19477654,13.99422264,1
30,8.588827133,51.65158844,1
31,12.42095757,17.23195457,1
32,-2.215151548,-19.77105141,-1
33,-29.89887428,-3.447392702,1
34,-4.573503494,7.891812325,1
35,18.76685143,-7.266413689,1
36,8.950286865,24.46255112,1
37,-41.84960938,24.37962914,1
38,-29.10971832,-56.55181885,1
39,-19.52303123,24.23206902,1
40,34.00470352,27.25510216,1
41,21.24037361,17.23826599,-1
42,16.21570778,-25.33067131,-1
43,30.12854576,38.49224091,-1
44,-57.00572968,12.04234409,1
45,-11.39852524,50.35029221,1
46,-21.32527542,0.031024827,1
47,13.39728928,22.58934593,-1
48,23.39851189,-17.39769363,1
49,12.3075819,-7.670755863,-1
50,1.132712007,-54.47754288,1
51,19.45710945,-16.65025139,-1
52,24.04919243,38.16367722,-1
53,7.18366766,15.46158314,-1
54,-6.03945303,-37.73732376,-1
55,6.484520435,4.564736843,1
56,-1.800646424,-39.74654007,-1
57,-7.631049633,27.52614403,1
58,11.60114098,-33.76243973,1
59,30.76758575,16.78229332,-1
60,23.88094711,-40.84759521,-1
61,21.30582047,17.51775932,-1
62,-8.094017982,-23.2319603,-1
63,-33.61749649,-19.72692299,-1
64,-15.57518387,-0.271105707,1
65,-15.46302795,-13.0039072,-1
66,-25.01249695,6.939112663,-1
67,37.91316223,10.15260315,-1
68,41.58786011,-32.61185837,1
69,-18.17510796,-25.05944824,1
70,-18.6019516,10.79406548,-1
71,6.538621902,31.77146339,1
72,5.42172718,-6.305716515,-1
73,-1.756986856,2.42428565,1
74,34.14560318,19.48010635,-1
75,10.99180603,-19.56087875,-1
76,-34.64904022,-44.71506119,1
77,26.36039162,30.00901413,-1
78,24.75271416,9.310364723,1
79,46.92904282,-18.55370331,-1
80,-10.96795654,67.25530243,-1
81,33.11617279,24.09089851,1
82,24.54549026,-14.81170368,-1
83,-41.80490494,-15.39634418,1
84,9.595042229,-51.34012604,1
85,3.851743698,22.09763145,1
86,1.015838504,-50.05098724,1
87,-16.98734665,-9.1895504,-1
88,11.2506485,40.32613373,-1
89,33.24212646,-1.734805584,-1
90,36.82366943,-32.82214355,-1
91,-32.98199844,7.701156616,-1
92,-6.907352924,-23.91036034,-1
93,-23.11105919,-3.460195065,1
94,22.75931931,5.478919983,-1
95,48.19703674,-19.24669838,-1
96,-20.86457825,-48.65155411,-1
97,-12.86762428,0.48290056,1
98,14.4038744,-22.03411484,-1
99,14.95974731,-17.49470139,-1
100,42.19943237,6.97479248,1
101,8.770414352,24.95774841,-1
102,-43.05941772,-20.02475357,-1
103,-54.36149597,-15.42072392,1
104,-10.49004269,-10.05641079,1
105,-1.056565046,-15.75265408,1
106,28.93404961,-10.49487114,1
107,11.21336269,60.26626205,-1
108,-29.44831467,-14.33424568,1
109,-17.87020111,4.334307671,1
110,17.26345253,0.543626189,-1
111,29.13796425,-32.53310013,-1
112,-32.95353699,-2.632379055,1
113,69.80452728,-35.96666718,1
114,32.91622162,1.177187562,1
115,0.887282252,-0.064352371,1
116,35.53694534,22.41318512,-1
117,26.07950974,-29.88516808,-1
118,30.95808792,12.02369308,1
119,3.098387718,17.77134514,-1
120,-15.40658951,-11.57237148,-1
121,56.69499207,12.63524151,1
122,-40.57865906,33.69340134,-1
123,-36.45137787,10.38636494,1
124,8.007557869,-10.77856636,1
125,-9.321092606,-38.29620361,-1
126,-0.016997227,9.70833683,-1
127,-42.11851883,14.85901737,1
128,7.712691784,-28.27113914,1
129,-21.28071785,26.82924843,-1
130,-14.9102087,17.56657791,1
131,24.11935806,-31.77149773,-1
132,53.06457138,-19.18327332,-1
133,-32.59383011,21.31223488,1
134,-4.406296253,48.31397247,-1
135,-1.018165708,7.619272232,-1
136,-17.33790016,-19.28214073,-1
137,-25.83831215,-10.37641621,-1
138,15.11516285,-8.802163124,1
139,-35.76803207,-22.09355545,-1
140,14.12917042,13.9246273,-1
141,-9.972409248,-21.64461136,-1
142,-4.718411922,3.888311386,1
143,-15.28533363,-14.58187962,-1
144,-27.54415894,10.53755665,1
145,9.724295616,0.599508882,-1
146,4.031992435,8.272761345,-1
147,12.415452,30.32460976,-1
148,35.58877182,-40.33031845,-1
149,-15.72007656,15.52113342,1
150,-8.871470451,-49.10169601,-1
151,-28.66288948,62.67017746,1
152,-7.002335072,35.79706192,-1
153,33.23550034,-8.993593216,1
154,-4.552627087,-3.1984725,1
155,32.45659637,30.91925812,-1
156,12.53702259,-24.80025101,1
157,11.96258831,31.52511597,1
158,5.098124027,-10.6531744,-1
159,-8.372594833,7.160661221,1
160,1.13170588,4.481112003,-1
161,-34.86809921,27.65043449,1
162,30.3127079,22.62067223,-1
163,-26.89021873,-17.09162331,1
164,14.70195198,-5.144465923,1
165,9.798187256,-8.186484337,1
166,29.162323,-1.258555889,1
167,-13.21023178,-20.03053284,1
168,-25.08844757,-28.18908119,1
169,0.176484033,-32.12781525,-1
170,3.102944374,-12.42593002,-1
171,30.58390999,27.1105423,1
172,-25.27042389,-4.852342129,1
173,10.57533264,3.065161228,1
174,-26.76465034,0.753653884,1
175,-19.84949112,-39.19664001,1
176,-53.67512512,-23.48163223,1
177,36.26454163,-25.12402725,1
178,30.58440208,15.85161495,-1
179,-12.82045937,14.35104752,1
180,19.46508026,-16.36543274,1
181,-23.43970871,44.99014282,-1
182,-19.82607269,-1.220910192,1
183,8.567440033,51.36458969,1
184,12.31911659,12.20750237,-1
185,56.4214859,-47.89730835,-1
186,17.87856483,12.86240482,1
187,1.751637578,14.7822113,-1
188,21.09780312,23.45895004,1
189,18.69105148,17.49243355,-1
190,6.372028828,-15.82655525,-1
191,-30.41397858,-6.646323681,-1
192,-11.05408764,13.4213047,-1
193,7.588311195,-25.83202362,-1
194,3.909004211,18.28129959,-1
195,5.830784321,2.297618628,-1
196,-11.31826401,23.8355484,1
197,7.971312523,12.93584347,1
198,8.305541992,44.67293549,-1
199,22.68226624,7.706568718,-1
200,26.74811745,-36.47911072,-1
201,-20.66555023,2.557182074,-1
202,11.55321693,21.53978729,-1
203,-0.689783216,5.232870579,1
204,-38.07050323,-19.77482224,-1
205,-19.92977333,20.96411514,1
206,-22.55498695,0.264531016,-1
207,-9.635903358,41.40036392,1
208,-10.96351719,-19.65380096,1
209,13.69414139,28.18121338,1
210,-12.6009264,24.90501976,-1
211,-7.224682808,38.92672729,-1
212,-17.69145775,13.77928162,1
213,-29.06674576,0.75669986,-1
214,35.55680466,-6.217730045,-1
215,-29.47751808,35.61002731,-1
216,-23.69048119,23.29146385,1
217,25.8311882,5.653061867,1
218,-19.71973228,4.206133842,1
219,40.50912857,-3.389504194,-1
220,-12.23178387,14.89570427,-1
221,-66.44487,-16.77458954,1
222,0.951457977,-7.368805408,-1
223,2.087253094,-23.90975189,1
224,-23.15403938,-21.46903038,1
225,-5.258470058,-16.95836449,-1
226,11.23681259,26.17546082,1
227,37.93473434,23.96426201,1
228,-46.29244995,-14.482131,-1
229,-38.71178055,-23.50631523,1
230,7.446691036,9.827003479,-1
231,1.263180733,22.2917614,1
232,21.19364357,-6.39945507,1
233,-27.12946892,5.198966503,1
234,-4.790895939,-30.28790283,1
235,22.40045547,18.00567627,-1
236,15.47929478,51.30522156,1
237,-13.52608109,1.469557285,1
238,10.94753551,-23.58922195,-1
239,29.57293129,-2.797162533,-1
240,-8.679836273,3.879925013,-1
241,-2.558964252,26.69379234,1
242,2.824371338,-26.27044487,1
243,0.099649057,-3.339191198,-1
244,27.77938461,41.524189,1
245,4.281519413,-0.78101337,1
246,-18.8073864,19.05826187,-1
247,-25.55568886,-48.12581253,1
248,-4.325072765,8.108070374,1
249,29.78803062,25.44735718,1
250,-26.99282074,18.07069397,1
251,37.61407089,34.60276413,1
252,-28.35801697,-31.50078201,-1
253,12.72040558,-14.91803169,-1
254,24.12978935,44.37543106,-1
255,-9.489225388,-23.99136543,1
256,-33.18743896,38.37688065,-1
257,-10.28857517,-7.178860188,-1
258,-9.408634186,-9.467250824,1
259,28.23708534,-5.710202217,-1
260,2.081548929,-4.512405872,-1
261,-23.18122101,-6.201758862,-1
262,4.965796947,-46.95608521,1
263,-8.320257187,-65.15076447,-1
264,-3.001452923,11.17082119,1
265,-25.10820389,28.42366219,-1
266,16.20822906,-37.51690292,-1
267,20.17850685,-41.16691589,1
268,-17.08420563,-13.95880222,1
269,12.79510593,-19.2262249,1
270,24.81737328,-15.11052608,-1
271,-1.114346027,48.38781738,-1
272,-25.58935738,-5.776158333,-1
273,3.847346783,-62.11723709,-1
274,-6.792199135,14.03393269,1
275,-16.04401779,29.73295212,1
276,27.9338665,-39.90687561,-1
277,17.4750843,-33.92184448,-1
278,36.15932465,-40.23726654,-1
279,-16.49116325,10.05404091,-1
280,2.732106924,52.85816574,1
281,53.05690765,-14.18819523,-1
282,34.19646835,7.348591805,-1
283,-16.64964104,-10.95026207,-1
284,-28.75324059,15.01433277,1
285,-19.56220436,43.24321747,-1
286,-2.371708393,-14.30760765,1
287,-42.62928009,9.702105522,-1
288,2.730635405,-8.687939644,1
289,19.24519348,37.72894287,-1
290,-28.66147423,-13.94954872,-1
291,50.79223633,6.30989027,-1
292,37.15944672,-16.56284714,-1
293,4.296097755,-21.08234024,1
294,-47.28931046,23.37687874,-1
295,25.96345901,-21.24289131,1
296,-26.56033707,20.2168045,1
297,3.381724119,0.833212078,1
298,-2.571781635,29.38545227,1
299,-11.78936386,-19.99896431,-1
300,-29.90394402,-3.45011735,-1
301,4.849655628,-31.52259064,-1
302,-33.80647659,-14.51398849,1
303,-18.53099823,-1.664897323,1
304,-42.10926819,-20.48687172,-1
305,11.18483543,60.6925621,1
306,0.643862426,-15.61571789,-1
307,23.83207893,-5.794272423,-1
308,-2.360670805,-1.888815761,-1
309,6.374447823,-49.20598984,-1
310,-30.80130005,17.45894623,-1
311,23.0847187,-21.78058434,1
312,-23.69080544,17.28665924,-1
313,40.94989395,16.52626228,-1
314,0.354617745,-27.71890259,-1
315,37.24721909,51.57242584,-1
316,26.11702347,-4.461862564,-1
317,2.155921459,-20.71329308,-1
318,26.67523193,-16.94326782,1
319,32.48213196,43.80098343,-1
320,28.29323959,9.127458572,1
321,7.945839882,-21.97020912,1
322,8.130712509,-2.507947922,1
323,23.60583305,31.18322945,-1
324,2.266808033,-38.67580032,1
325,3.179861069,15.10319042,1
326,26.46363449,-22.55818748,1
327,23.35074806,53.420784,1
328,10.66746044,-0.914534986,1
329,7.016445637,7.474864483,1
330,33.12269211,-8.783164024,-1
331,35.77015305,-29.70311737,-1
332,-4.015276432,-24.68151283,-1
333,7.599860668,-23.89338112,1
334,-19.57472992,24.17824936,1
335,7.157447338,-67.46539307,1
336,10.18950081,15.32273769,-1
337,4.861203194,25.52906418,1
338,-14.49103928,-41.89496231,-1
339,-2.266941547,19.98152924,1
340,46.56096268,10.61101341,1
341,26.23794746,-20.60207176,-1
342,40.19749069,-13.70592213,1
343,-23.38169479,16.94239235,-1
344,-52.40370941,-6.593977451,1
345,-19.62760544,40.36702347,1
346,-46.28077698,-14.45263672,1
347,52.05065918,-5.452233791,-1
348,29.49311066,-22.27230263,-1
349,48.74837875,16.45258331,1
350,47.60267639,-3.772506475,1
351,-5.760287285,-39.54852295,1
352,8.027145386,33.314785,-1
353,-22.48075294,-21.00876045,1
354,-14.36580372,-42.34143066,-1
355,33.48435211,4.305910587,-1
356,-18.07670212,18.38187027,1
357,-0.436346024,12.90012836,-1
358,-9.274728775,-3.741198301,-1
359,41.16645813,-23.1523056,1
360,33.68082428,-11.90783024,-1
361,-12.91829014,-37.28885269,-1
362,30.71474457,0.470752954,-1
363,3.670712471,31.99832916,-1
364,6.501796722,28.41373253,1
365,-10.84583664,7.675530434,1
366,-25.21253586,-31.35344696,-1
367,-1.456320763,32.61880112,1
368,13.06497478,8.960988998,1
369,-14.62383461,-29.41841316,-1
370,-20.8623333,-2.611862421,1
371,-24.83202744,-25.88783455,-1
372,32.83820724,-11.05644703,1
373,11.08214855,-29.90940857,-1
374,10.82872295,-31.87654877,1
375,-12.68902493,18.31544495,1
376,2.124825954,20.21342659,-1
377,17.2445755,-21.88011742,-1
378,-23.23503304,23.23670959,-1
379,-42.01050949,43.46955872,-1
380,7.976063728,37.3095932,1
381,31.80741692,9.197113037,-1
382,-52.20415115,6.66044426,1
383,35.50281143,-7.400028229,-1
384,28.50694275,5.411830425,-1
385,17.97467804,-4.728647232,1
386,9.395510674,24.22125244,-1
387,8.249485016,44.66917801,-1
388,40.29372406,30.1967907,-1
389,8.489074707,-0.328630298,-1
390,47.3129921,-0.134987056,1
391,18.88236618,-11.66613293,-1
392,4.240569592,-3.44298172,1
393,-17.57894707,50.41126633,-1
394,10.69525433,23.38417053,1
395,30.84575462,-18.8482399,-1
396,-3.762033939,-0.660461962,1
397,-1.807794333,12.3463707,1
398,-21.98155975,-20.31272125,1
399,49.52193451,-25.93708229,1
400,24.56793785,-31.43868256,-1
401,-22.88521385,23.19149399,-1
402,-28.82213783,-39.57098007,-1
403,-18.23312378,-8.429056168,1
404,27.06633568,-12.74768448,-1
405,-16.42393875,-27.25558662,-1
406,-20.81398964,5.992281437,-1
407,-24.50050163,2.796783686,1
408,5.212664127,9.599534988,1
409,-20.85618019,62.99752045,-1
410,-19.0590744,0.435098052,1
411,0.144506156,20.60408974,-1
412,2.780954599,-14.98431587,1
413,18.05438042,-2.706461668,-1
414,3.321289301,4.149425983,1
415,-1.792467833,-25.9665699,1
416,21.95787621,9.904387474,-1
417,39.75122452,0.029567096,1
418,-12.46159458,-21.95791435,1
419,16.24643707,16.71006012,1
420,-29.92381668,12.9100132,-1
421,11.83754539,-7.582751751,1
422,-18.09190369,52.11063766,-1
423,31.33861732,8.611786842,-1
424,-38.3447876,-4.294661999,1
425,22.62778282,-4.091625214,1
426,-13.3375597,-28.60958862,-1
427,-9.807707787,3.401518345,-1
428,5.676343918,-21.03633118,-1
429,14.77344227,23.03583717,1
430,-21.9069519,-38.79112244,-1
431,-17.49217415,1.179231524,1
432,27.47058105,16.94753838,-1
433,20.87409973,40.45777893,-1
434,-7.170034885,-20.07814407,1
435,31.22843361,-39.57134628,1
436,-13.45255089,-33.77730942,1
437,-24.42825699,-16.28124237,-1
438,38.05850601,13.06663895,1
439,0.060043555,38.95782471,1
440,-7.587723732,0.78232646,1
441,-12.92073727,-9.1833601,1
442,6.484949112,13.91523647,1
443,6.341837406,-7.263660431,-1
444,-5.403729916,-47.27505112,-1
445,-8.034600258,-18.94561577,-1
446,25.87716484,5.680186749,1
447,14.99801922,-2.401485205,-1
448,38.84782791,20.44166183,-1
449,-9.368509293,23.44617271,-1
450,2.981762409,-2.303034782,-1
451,25.36665535,-18.24297333,1
452,-2.43356967,-6.293630123,-1
453,31.13780785,-3.080477476,1
454,-7.82496357,-28.07708549,1
455,-4.912250042,-5.62444973,-1
456,-4.722263336,-5.395194054,1
457,53.03929138,-14.17971992,1
458,14.90096188,1.041526794,1
459,12.18338871,15.34636497,-1
460,-31.0490036,-22.64742661,-1
461,-21.67153358,7.863413811,1
462,-28.8041935,-20.01591492,1
463,1.356120229,-10.43409061,1
464,3.315218925,-8.538228989,1
465,-7.510922909,-21.03678322,1
466,-11.16279125,-13.07656956,1
467,11.78049755,-0.46047321,1
468,-8.118211746,6.070446968,1
469,18.15365219,8.037202835,1
470,0.155008554,22.52506065,-1
471,-0.304259151,11.84995365,1
472,12.45525742,-33.19805527,-1
473,9.871322632,7.594335556,1
474,3.521044731,5.766361713,-1
475,-33.76059341,-7.899506092,-1
476,2.241055012,43.22158051,1
477,7.749857426,8.077424049,-1
478,-5.180391788,-10.78543472,-1
479,-3.954837799,35.22877502,1
480,-34.76796341,4.730852604,-1
481,22.73682404,10.52616501,1
482,-34.92152405,14.27973175,1
483,11.10936451,-11.18691254,-1
484,17.25145531,-22.47900581,-1
485,6.455559731,4.958660126,-1
486,-55.54829025,2.970172167,-1
487,-6.729202747,-31.06919861,-1
488,-18.82784271,-5.396464825,1
489,7.363105774,27.34651947,1
490,-2.210016251,-6.617500782,1
491,-28.75886154,29.34933472,-1
492,15.81594181,11.92718029,-1
493,-38.22721481,12.54665661,-1
494,19.98684311,-46.8748703,-1
495,8.258030891,19.64336395,-1
496,27.17309952,-10.53962612,1
497,31.6354332,30.08621597,1
498,0.438484013,19.19555092,1
499,-12.95286083,40.96860886,1
500,22.5797081,7.312252045,1
501,23.60639572,25.83384705,-1
502,4.123703003,-19.39640617,-1
503,0.439782351,-8.685674667,1
504,23.1818943,-0.08888974,-1
505,-24.50014877,40.83236313,1
506,7.388184071,3.003844738,-1
507,5.333123207,-32.77061462,-1
508,12.08912563,-13.78302288,-1
509,19.6708622,18.09435463,-1
510,-0.447151154,-5.074541569,1
511,-15.34969711,-26.30465317,-1
512,-30.39860916,30.24750137,-1
513,25.93533516,-29.94215393,-1
514,14.71735668,13.72668457,-1
515,-8.706073761,36.70714951,-1
516,36.2806282,33.65935516,1
517,-24.70199394,2.873175621,-1
518,9.043904305,-16.87539291,-1
519,-1.208973408,-26.17024422,1
520,12.74694061,-3.170687199,-1
521,-14.88021946,-5.841570377,1
522,-6.429644108,10.41443348,1
523,-46.7517662,-23.54651642,-1
524,-12.53933716,24.90962029,-1
525,17.31270218,13.00462437,-1
526,31.86369705,-80.02566528,-1
527,-4.35092926,15.57755375,1
528,6.766498566,-47.83541107,-1
529,3.586625814,9.891544342,-1
530,27.30182838,63.54582596,1
531,-33.90509415,-24.52917862,-1
532,-4.682731628,38.40530014,1
533,-5.042707443,-31.28140831,1
534,-21.36109352,29.00213814,1
535,-30.41284561,-1.136028051,-1
536,0.322464615,-0.885734797,-1
537,3.044311762,13.45675278,-1
538,31.55781746,-28.71938324,-1
539,-6.115885258,27.67807961,-1
540,6.950096607,29.45923996,-1
541,37.33717728,7.384238243,-1
542,-58.56526566,12.24900913,1
543,42.77217102,19.61091423,-1
544,-20.156744,-24.06003571,1
545,30.90563965,28.73836899,1
546,-33.27608871,-17.87015533,-1
547,-16.94964218,34.45711899,1
548,-40.5931778,-11.05530739,-1
549,-18.35498619,36.87245178,1
550,-28.15934753,14.84784985,1
551,-6.48202467,-11.3739109,1
552,25.97941589,-4.508303165,1
553,-10.57983303,-0.310055971,1
554,12.39553833,-46.61301804,-1
555,26.82467842,-23.74326134,1
556,28.49396133,6.945046902,-1
557,17.26122093,-6.049803257,-1
558,-25.79601288,-9.671121597,1
559,1.691761255,2.914757252,1
560,42.16707611,15.00780964,-1
561,-49.59230423,-20.37809753,-1
562,-27.28635216,24.2810173,-1
563,6.648910046,15.04163361,-1
564,-49.8098793,2.269766569,1
565,12.42410374,-8.044220924,1
566,7.318876266,30.9001236,1
567,46.00690079,61.99966049,1
568,-30.53189278,-6.668685913,1
569,-18.54578781,-10.10257149,-1
570,13.62321949,0.929716647,1
571,-30.04737473,-43.29998779,-1
572,7.233696461,11.17397881,-1
573,2.00605011,26.87375832,-1
574,-7.697515965,-6.580953598,1
575,20.7470417,12.25653744,1
576,-22.34878159,-20.98812294,1
577,33.12669373,-25.99731636,-1
578,11.70688915,-18.41329193,-1
579,-6.841262817,-3.469955683,1
580,-36.80915833,12.67564869,-1
581,-13.7817049,11.80930042,1
582,8.44567585,-37.51758575,1
583,5.498799324,-29.66784286,1
584,21.71013832,-13.42546558,-1
585,-42.76971054,-20.44390106,-1
586,-5.03233242,-9.053864479,-1
587,-19.01663208,-18.01823807,-1
588,24.67432022,14.43371868,-1
589,-5.012453556,33.09667969,1
590,28.81204224,35.56292725,1
591,-2.970234871,-8.976287842,-1
592,-29.73599434,6.926120758,-1
593,26.79802132,-7.828136444,-1
594,-8.606436729,-82.86132813,1
595,55.58349991,0.769619823,-1
596,9.951789856,-5.054289818,1
597,-47.30735397,-57.71245193,-1
598,20.28045464,-32.48251724,1
599,-4.606630802,28.00799561,-1
600,0.413138151,16.69068527,1
601,10.86948109,-23.89408493,-1
602,-14.27938175,-9.283232689,-1
603,-2.684150934,2.739335775,1
604,7.818811417,14.74191093,-1
605,28.06145477,-15.34234238,1
606,-0.416731,-18.04312134,-1
607,-19.72662926,15.22196293,1
608,-30.52737236,-34.22094345,1
609,8.310137749,-5.62803793,1
610,-14.61646557,32.86477661,-1
611,-10.16123199,37.73499298,-1
612,-53.77796936,-14.90285492,-1
613,1.48026371,-13.6963253,-1
614,-2.263187885,32.66382217,1
615,3.416860819,-8.425491333,1
616,-9.937986374,33.56678009,-1
617,-36.13830948,27.6956749,-1
618,14.64267159,-3.120787144,1
619,-20.21693039,6.627281666,1
620,-66.21845245,-30.40073776,1
621,46.35650253,24.09943771,1
622,12.06328773,-13.57533741,1
623,13.06325626,8.824520111,1
624,-36.81558609,-16.80778313,1
625,1.323390961,37.65691376,1
626,9.669563293,11.79733372,-1
627,7.392459869,-30.81149864,-1
628,37.23453903,-0.127315909,-1
629,4.66363287,27.81609344,1
630,-21.38611794,-32.48926544,1
631,-39.58426666,-30.91500092,1
632,-12.54908657,-32.47544861,1
633,43.9500618,-12.57558823,-1
634,28.03368187,-53.38690186,1
635,10.87953568,3.735768557,1
636,-13.66936588,-11.99197865,1
637,-10.14588928,-5.465969086,-1
638,-5.800611019,-0.788288951,1
639,0.148320913,22.36713409,-1
640,5.808561802,-17.92657661,-1
641,48.16539764,4.087628841,-1
642,-18.6931572,38.23514557,1
643,4.689044952,-16.54270744,-1
644,15.15358257,5.592706203,-1
645,-20.28435516,6.372249603,-1
646,-27.64481163,8.507461548,-1
647,-2.702749491,57.63939285,1
648,-7.333201408,21.33693886,1
649,10.13309574,-9.988980293,-1
650,-36.62306213,51.93400574,-1
651,-34.99677658,16.67737007,-1
652,-3.605459452,13.68261051,1
653,11.25704765,40.82126999,-1
654,-6.906554699,17.48502922,1
655,-20.28488731,31.79105949,1
656,2.446610451,29.97237015,1
657,-18.36474037,42.16571426,-1
658,15.13163185,31.11602402,-1
659,-5.405092239,-21.7670269,-1
660,29.05950165,-28.56486511,1
661,4.124644756,-22.77292061,-1
662,-1.426784396,17.82261848,-1
663,-6.34725666,18.31182098,-1
664,14.29863453,-32.45131683,-1
665,30.67083168,2.902130365,-1
666,-0.71977669,13.59469891,-1
667,-18.60985947,6.269196033,1
668,10.40340805,-28.38795662,1
669,-45.92559814,-6.889021397,1
670,-7.219621181,-33.01218033,-1
671,9.123334885,-12.02920628,-1
672,-6.564822674,12.59651279,-1
673,-22.71245384,-14.51886654,-1
674,27.12343788,11.27636051,-1
675,0.126566529,-25.48988724,1
676,21.72641754,-25.19292068,1
677,-2.365255594,15.55948067,-1
678,12.71648312,5.530244827,1
679,24.14007759,44.39202499,-1
680,3.387616158,2.792879581,-1
681,-11.16457939,-27.75008202,1
682,-39.83959198,21.54130173,1
683,-5.293613911,14.11478138,1
684,29.60858345,-24.46968079,-1
685,-9.961053848,20.36436462,1
686,8.282575607,16.10585022,1
687,19.06484604,-5.873129845,-1
688,-6.733951092,-4.400101185,1
689,-5.029082775,10.57591534,1
690,-11.90800762,14.12400055,1
691,4.187310219,-39.99225998,1
692,21.54439354,4.600681782,-1
693,31.08246994,8.233264923,1
694,9.351519585,-38.84750366,-1
695,12.91133976,7.189247131,-1
696,-1.652185678,-7.756811142,1
697,-8.766339302,-30.59871292,1
698,3.971909046,-9.391770363,-1
699,-13.2240181,-3.19680357,1
700,-20.76052284,-5.481544018,-1
701,-20.54025459,31.29055405,-1
702,-22.44664574,-17.25851631,1
703,2.91601181,15.44333363,1
704,-13.88188267,-13.77407742,1
705,37.7094841,-10.99451733,-1
706,-43.30474472,35.75900269,-1
707,21.08515167,25.75816345,1
708,-2.927964926,37.83389282,1
709,-36.93252563,-9.514637947,1
710,15.33967209,-58.83845901,-1
711,-15.2806263,4.419221878,1
712,-22.4383812,15.88536072,1
713,-12.57755947,6.83099556,1
714,-13.47182465,-1.725473046,1
715,5.580431461,-38.83277893,1
716,2.960360289,15.19643593,1
717,12.98871231,-4.531999588,-1
718,-6.568849087,12.33606052,1
719,-29.57002449,32.70741653,1
720,-13.57944965,24.97622871,1
721,23.01431465,-14.09921741,1
722,12.27155685,34.23822784,-1
723,-20.94225693,-44.4459343,-1
724,-22.89397621,-9.252485275,1
725,-35.16385651,37.27088547,-1
726,28.77661324,-47.06415558,-1
727,-3.492362499,43.99259949,1
728,31.12019157,44.14203644,-1
729,-20.56122208,33.69430542,1
730,-18.7351799,47.49237823,1
731,-10.52131462,-0.181692839,-1
732,-19.56198502,-14.8921299,-1
733,26.31206703,7.794309616,-1
734,31.079916,5.825814724,-1
735,20.08273506,-35.19177628,1
736,-36.56646729,22.22915077,1
737,-3.80830574,-8.981760979,1
738,37.0083847,-13.53506374,-1
739,-34.32845306,24.15069389,-1
740,-13.0359869,3.441939592,1
741,-5.980447769,-26.61219978,1
742,12.21756077,-1.083703995,-1
743,14.57979202,-1.508401513,1
744,2.228433609,-4.524785519,1
745,46.92170334,-1.970344663,1
746,8.993865013,5.451314926,1
747,-16.43533897,29.94101143,1
748,9.58300972,-21.44029236,1
749,42.08900452,23.14452171,-1
750,5.876336575,-43.70494461,1
751,17.65143013,-2.684298515,-1
752,7.678957939,-33.36737823,1
753,20.68302727,-19.27583122,1
754,4.204287052,-28.85346603,-1
755,-1.387944221,8.903259277,1
756,-23.93182373,2.49436903,-1
757,-29.43835831,19.86677361,1
758,23.46944046,0.13747184,-1
759,-7.267921448,15.28827763,-1
760,5.556164742,-24.01266861,-1
761,3.421947479,-33.88056183,-1
762,-25.20994568,-5.561561584,-1
763,10.44795895,-26.13161659,-1
764,6.827219486,24.47684669,1
765,-31.01311493,-32.554142,1
766,20.40784073,-4.743441582,-1
767,-24.78102684,-12.17077255,1
768,16.5806179,-28.19963264,1
769,24.40616417,1.220860958,-1
770,17.27185822,-22.80124664,-1
771,32.47286606,19.14839935,-1
772,0.160836428,-11.26600742,-1
773,12.23915958,43.99484253,-1
774,-20.25292969,33.53720093,1
775,-5.505498409,-3.201535702,1
776,-5.798856258,-38.39355469,1
777,-42.67227554,19.07129669,-1
778,20.22507095,34.76729584,1
779,-15.68364143,10.50311279,-1
780,5.052125454,-10.6901226,-1
781,-29.78302383,-13.98615456,1
782,13.78225231,-10.66232491,-1
783,-40.49090576,-29.16557121,1
784,-1.5483917,-11.06613064,1
785,23.37594604,-1.313256145,1
786,-6.820590019,18.71408272,1
787,1.233369231,-20.86752319,1
788,-23.3090992,0.093259819,1
789,-1.012951612,-13.45370102,1
790,15.52797031,-19.75274086,-1
791,30.95218468,-1.516966343,-1
792,-49.04482651,1.931019187,-1
793,25.73795128,-45.30616379,-1
794,16.34762192,42.14067841,1
795,47.54825592,-11.67202663,-1
796,-8.023947716,30.16903877,1
797,4.532235622,46.35682297,1
798,19.69220161,17.82870102,-1
799,26.07388496,-1.270405054,-1
800,0.001571231,-0.24160777,1
801,14.15465832,-33.21233368,-1
802,10.71562004,-11.55790901,-1
803,49.52420807,-25.93644524,1
804,-17.40722656,49.35053635,1
805,7.019675732,-9.122712135,-1
806,12.98851395,-23.39443207,1
807,-10.96253395,14.31611061,1
808,-12.52139664,9.76017952,1
809,24.19891739,-39.43702316,-1
810,16.64371872,-28.26960564,-1
811,8.961467743,33.12691498,-1
812,22.06690025,-21.40062523,1
813,26.25939751,3.488933325,-1
814,8.479816437,-47.67088318,1
815,31.27631569,-5.13612175,-1
816,-25.04827309,-14.28582573,1
817,24.4858799,-2.762459278,1
818,8.584432602,-8.268744469,1
819,-11.11497116,20.57413292,-1
820,7.332342148,-0.479539037,-1
821,20.74059677,-13.02886295,1
822,-3.717408895,-32.40275955,1
823,-9.605634689,1.053190589,1
824,-24.42499542,31.42990112,-1
825,-24.80792999,25.6058445,-1
826,7.093967438,0.681589544,-1
827,-10.1141119,30.02415657,-1
828,-8.59953022,25.16803741,1
829,0.750202835,45.52329254,-1
830,17.17968941,30.4306221,1
831,-6.640135288,18.36599541,-1
832,10.31638336,-24.07086563,1
833,-32.6414566,2.95651412,-1
834,-5.98353529,21.54875946,1
835,-1.048104644,-1.252210975,1
836,-25.22940063,12.41786003,-1
837,5.249084473,-27.89941216,-1
838,-15.09237099,4.346971512,1
839,-15.45024872,-8.651517868,1
840,17.21979141,34.93005371,-1
841,-8.166945457,-2.678314924,-1
842,59.80273056,31.56104279,-1
843,-27.69477654,3.347741127,-1
844,-20.96479416,18.63785172,1
845,-39.64103317,4.206435204,-1
846,5.66986227,1.055565119,-1
847,16.46546555,1.894220352,1
848,4.177636147,-28.93935776,-1
849,-26.57735443,20.36709023,1
850,11.51107121,27.03921318,1
851,-3.033793211,36.78181839,1
852,-0.851141155,6.728827,-1
853,1.732143164,-43.13911819,1
854,4.80131197,-4.981133461,-1
855,-18.03969955,-2.41217351,1
856,24.25635147,3.327106953,1
857,-15.8747406,2.818440437,1
858,16.31611824,52.22374344,1
859,12.28570557,35.22040939,1
860,11.72075367,-6.212274551,1
861,-0.192142785,9.633796692,-1
862,-3.236587763,5.111039639,1
863,50.02877045,7.248954773,-1
864,37.42553711,17.16773415,1
865,3.298577785,-2.86537838,-1
866,-2.400199175,-8.564748764,-1
867,13.96546173,-24.7123394,-1
868,-23.75541687,-11.60087585,1
869,-12.4794693,-15.93383598,1
870,42.57715607,-8.107607841,-1
871,-1.849428892,26.35290909,-1
872,-0.518631458,-21.03207016,1
873,35.04431915,-0.600665927,-1
874,-24.75016212,-42.2690239,-1
875,39.09047318,-7.768189907,1
876,38.99542618,-24.22374916,-1
877,23.70445633,22.50879669,1
878,18.30467224,2.834169149,-1
879,-5.450073719,6.327148438,-1
880,46.97619247,15.95980644,1
881,-0.670693159,26.08609009,-1
882,21.62135506,-7.166025639,1
883,20.38255119,-19.08598518,1
884,8.395166397,-17.25394249,-1
885,38.0647316,-20.25259018,-1
886,-17.95812416,-9.329278946,-1
887,-25.23343086,-42.72108459,-1
888,4.2569561,11.42767906,1
889,-14.13922977,-9.175545692,-1
890,-2.921231508,26.43808365,-1
891,-4.754593849,1.529284477,-1
892,32.73917007,-33.60828018,1
893,-31.6915493,-26.70455742,-1
894,-1.605596423,-33.92556,-1
895,10.33084202,3.035917282,1
896,-41.9723587,43.45531464,-1
897,-44.90861511,27.85411835,1
898,36.40296173,4.73397398,-1
899,17.38729286,20.47209167,1
900,3.298070908,48.28257751,1
901,-5.863858223,-29.48155212,1
902,34.42386246,37.56505203,-1
903,-8.056019783,-2.834429741,1
904,16.61656761,-55.61896896,1
905,-13.89909744,-43.05448914,1
906,-15.83403587,49.27868652,1
907,0.477565855,-0.880808771,-1
908,25.43670082,-7.158589363,-1
909,-15.99885464,-18.42949867,1
910,24.03385735,-31.87951469,1
911,-29.65268326,28.04784966,1
912,-5.098554134,-9.048155785,1
913,-15.25696754,-26.11861229,-1
914,-26.6284771,-25.62082291,1
915,0.446380436,19.11829376,-1
916,7.824061871,-0.437270612,1
917,12.56420135,-10.63827038,-1
918,9.655173302,27.29049873,1
919,44.26921844,11.04236984,1
920,-13.73564816,-6.573719501,-1
921,19.52696228,-29.81881332,1
922,43.77253342,-15.78500843,1
923,28.46380424,-17.79205513,1
924,-14.52862358,-5.517077923,1
925,-1.208964109,-20.15023232,-1
926,22.81761742,-0.076627247,1
927,-47.83950043,1.451070309,1
928,3.424271584,-34.44848251,1
929,45.56209946,-30.30045891,1
930,-14.48147964,27.03992844,1
931,6.779813766,4.549135685,1
932,5.961260319,-19.17983437,-1
933,-4.135290623,21.41311836,-1
934,-25.97751045,-80.57842255,-1
935,26.26797295,0.396063566,-1
936,63.11621857,55.70631409,-1
937,-38.36830902,16.86333656,-1
938,-12.12909412,21.36546707,1
939,-55.24137497,27.51975822,1
940,28.21477509,3.641559124,-1
941,11.12887764,-34.19744873,-1
942,-24.39966774,7.231640339,1
943,38.73628235,40.18944168,1
944,13.98729038,18.24092102,1
945,31.65346146,-22.41527557,1
946,8.367807388,-19.69283295,-1
947,-14.48422527,-42.92479324,1
948,15.47607517,-49.33185959,-1
949,-2.596801043,-42.31525803,-1
950,2.789839268,-3.696769714,-1
951,-8.218619347,-12.8076067,-1
952,-16.64196396,-36.23446274,1
953,1.866975904,5.497092247,-1
954,19.13300896,9.741259575,1
955,-18.21776962,-25.17374611,-1
956,-17.89159203,9.618320465,-1
957,7.123275757,14.86769199,1
958,25.48226738,18.23805428,1
959,-3.071456909,-36.3886795,1
960,-5.875683784,6.456459045,-1
961,-8.896668434,-7.198365688,1
962,39.76669312,6.011107445,1
963,19.32067108,-18.23626137,1
964,-25.538908,35.1418457,-1
965,-14.65064907,-17.2107048,-1
966,26.11412811,25.18606186,-1
967,5.700322151,-2.88835597,-1
968,-43.8477211,-6.85699749,1
969,14.74922562,-2.344643116,1
970,28.53498077,19.33654594,-1
971,15.9101305,-11.76573658,1
972,-27.10556412,25.67102432,-1
973,39.32932281,-27.94266319,-1
974,87.59429932,-25.62306786,-1
975,17.88913536,-5.916009426,1
976,-16.65970802,-16.4022789,-1
977,-25.04133606,-33.31209564,-1
978,9.358128548,13.78143597,1
979,-5.623010159,22.17897224,1
980,-11.3339138,-26.60270882,1
981,-36.75844574,-26.23437309,1
982,32.65488052,-15.51178741,-1
983,-45.13336182,-5.424731731,1
984,3.476307392,-92.09605408,-1
985,11.83817863,25.18286324,-1
986,3.252568007,-11.6956377,1
987,30.82107353,-20.39582062,1
988,29.53843117,-56.05099869,1
989,-4.127776623,18.27530479,1
990,-12.90786552,26.21997452,1
991,-13.29178429,-43.35673904,1
992,24.09265709,-64.12831879,-1
993,-3.51525569,8.77575016,1
994,9.482888222,-35.82649994,-1
995,-5.239126682,-34.17608261,1
996,26.61797523,-14.76923943,1
997,-3.478450537,-23.7516098,1
998,-10.26400375,-9.628019333,-1
999,-10.88965511,-52.5094986,-1
1000,2.87049365,66.65529633,-1
1001,16.03489876,-14.04856396,-1
1002,-39.72416687,5.470863819,-1
1003,27.08333015,5.96293211,-1
1004,0.878483951,12.6663084,1
1005,17.80720711,-38.59064102,-1
1006,-33.4537735,-18.91007042,-1
1007,9.356880188,7.484694481,-1
1008,-13.85643673,8.455005646,1
1009,45.09104919,20.1719799,-1
1010,10.8621788,-3.816180468,1
1011,23.9627552,15.31592941,-1
1012,0.202835456,-54.57768631,1
1013,-17.034729,6.435972214,1
1014,6.097602367,-22.3729744,-1
1015,22.59758568,13.17721653,1
1016,-19.24460793,-12.2625885,1
1017,-2.637454033,29.15605164,1
1018,5.302891731,-16.30595398,1
1019,-49.42899323,22.36683273,-1
1020,-53.67410278,-2.542131186,-1
1021,-13.08399391,-32.15386581,-1
1022,-24.41213226,-22.98920059,1
1023,-14.77608585,13.4279356,-1
1024,18.03884888,32.75577164,-1
1025,-17.0960331,-45.63132858,1
1026,-35.11685562,16.33973503,-1
1027,28.75463676,-47.04835129,1
1028,-10.05247021,4.738328934,1
1029,11.19496822,60.50253296,1
1030,-40.23723221,33.4282074,-1
1031,26.07748604,4.193611622,1
1032,-20.14769173,-35.27295303,1
1033,12.53514004,-36.05087662,-1
1034,-5.976492882,-26.3400383,-1
1035,-19.16729164,3.07242012,-1
1036,-9.919692039,-1.203171611,-1
1037,26.30662727,-9.783466339,-1
1038,-19.98565865,33.65489578,-1
1039,54.49008179,0.297164172,1
1040,35.12361908,15.39470673,1
1041,-25.77843857,-2.880041599,-1
1042,18.75101852,-25.06920624,-1
1043,3.123847008,-27.90074158,-1
1044,-19.60238838,25.70760345,1
1045,-25.33526039,49.03956223,1
1046,12.16300106,10.99181461,-1
1047,19.77993202,14.47805977,1
1048,-18.42089844,-1.749259353,1
1049,24.49040604,6.73314333,1
1050,-23.23838806,5.455711365,-1
1051,16.15798569,16.83961868,1
1052,7.74419117,-28.27543449,1
1053,-5.42058754,1.861120105,1
1054,-3.488097906,13.58206749,-1
1055,-8.609466553,-16.39583588,1
1056,9.704442978,-2.496399641,-1
1057,-29.21825981,-25.00149155,-1
1058,13.7132473,-17.28844261,1
1059,-42.29691696,64.56328583,-1
1060,-14.71901989,-5.691140652,-1
1061,1.989728212,-39.05356598,1
1062,0.810131371,-37.35164261,1
1063,22.36620522,-31.65139771,1
1064,-44.3885498,-43.90787888,-1
1065,2.954249382,5.927708149,1
1066,6.082577229,16.98602676,-1
1067,-8.906080246,36.37020874,-1
1068,14.05817986,8.36567688,-1
1069,0.319582492,35.87548065,1
1070,-8.166905403,-22.83473396,-1
1071,8.141233444,-2.746137857,-1
1072,-14.80671406,23.10574913,1
1073,-7.040473938,32.38489151,-1
1074,-35.43360138,-45.22510147,1
1075,32.64763641,19.8073616,1
1076,5.294347286,46.02366638,1
1077,-4.158364296,-28.8034687,-1
1078,-0.977530539,-14.06302738,1
1079,-8.273842812,-12.67250633,1
1080,23.39879036,-35.71078873,1
1081,33.86073685,-11.78753662,1
1082,-7.220379353,7.966665745,1
1083,-22.70804596,-35.50200272,1
1084,-2.509843349,-12.06877613,-1
1085,-44.22071075,8.408091545,-1
1086,-9.876639366,27.14765549,1
1087,9.451153755,30.3353157,-1
1088,-39.24978638,26.7095089,-1
1089,34.01718521,3.869406939,-1
1090,20.97984314,-37.97219467,-1
1091,35.40867996,-10.08224487,1
1092,-15.54409981,-20.77351761,-1
1093,3.926972866,-13.80460262,1
1094,-3.48382473,51.58961105,-1
1095,-28.21308136,39.31003952,1
1096,43.5965271,-9.186605453,-1
1097,-12.70872116,-32.38392639,1
1098,-19.58469582,-40.33969116,1
1099,22.64454079,5.473165035,1
1100,-11.70437813,-20.76462173,-1
1101,42.56158066,-19.33039474,1
1102,15.7756424,-57.06070709,-1
1103,-36.86972809,-7.631149769,1
1104,19.56119919,-18.45373344,1
1105,10.74336338,2.753334284,-1
1106,25.06404305,-16.13441849,-1
1107,11.19522095,28.43292618,-1
1108,37.41226959,-34.62250137,-1
1109,-32.08665085,-29.34288788,-1
1110,-21.21876144,-12.14966106,1
1111,-1.122861266,-31.86930466,1
1112,-36.84660339,12.68396854,-1
1113,6.894555092,-4.796537399,-1
1114,-28.80457687,-20.07214546,-1
1115,-0.408582389,-14.89160252,1
1116,29.66161728,15.15741634,-1
1117,28.41405678,32.68305969,-1
1118,-10.28952599,17.29887581,-1
1119,-15.04016781,-0.467476457,1
1120,-21.28793144,39.82482147,-1
1121,0.597455442,-27.90841484,1
1122,40.5365181,-10.91924763,1
1123,11.34528732,37.32965088,-1
1124,-32.57722473,8.367556572,1
1125,12.72703266,5.670428753,-1
1126,-6.034481525,21.4559269,-1
1127,-6.181684494,27.5103569,-1
1128,-29.65101624,-18.48483467,-1
1129,-4.682904243,-11.16809845,1
1130,14.48050022,-15.00508881,1
1131,15.30124187,-2.335763454,1
1132,2.290893078,-17.20961571,-1
1133,-13.37193394,16.19490623,-1
1134,30.68998146,53.60295486,1
1135,-21.85919189,-29.35180283,-1
1136,-2.143119574,-41.81890869,1
1137,50.00769806,22.34959412,1
1138,0.262557507,-1.941293478,-1
1139,15.64330101,36.36917114,1
1140,-15.43565655,7.999410152,-1
1141,-42.63387299,9.743393898,-1
1142,44.56237411,-23.6187706,1
1143,-9.609782219,-33.01905441,-1
1144,-3.336630106,-50.92966843,1
1145,41.96725082,15.26794052,-1
1146,-30.28378487,-9.716927528,1
1147,32.64305496,19.47443008,1
1148,15.75950813,22.39157486,-1
1149,28.64225388,12.64790154,1
1150,-4.112692356,5.393220425,-1
1151,-4.265091419,30.43758392,1
1152,31.85111618,-12.41266251,-1
1153,19.56429482,-21.29010201,-1
1154,2.272516489,-24.24488258,1
1155,-4.525923729,25.49103546,1
1156,0.143542185,-32.10631561,1
1157,15.90123367,-36.67786407,-1
1158,-45.59305191,5.219441891,-1
1159,1.875166893,-18.3141613,-1
1160,-15.45214081,-4.489294052,1
1161,12.15334225,47.82394028,1
1162,-2.168074608,0.094317496,-1
1163,15.29499722,19.93210411,-1
1164,-34.2883873,-28.40088081,1
1165,-22.14842796,-26.45530701,1
1166,-13.19704723,-0.430267304,-1
1167,15.69236088,4.463055611,1
1168,16.97104645,-7.593554497,-1
1169,-2.732555389,19.84858131,1
1170,-21.30682564,16.53154945,-1
1171,7.633482933,40.5520668,-1
1172,41.58361435,-32.6217804,-1
1173,2.292383432,-0.706831396,1
1174,9.173866272,-15.36245155,1
1175,9.201340675,9.431316376,-1
1176,-7.769632339,9.889200211,-1
1177,-0.914771736,22.2325325,-1
1178,-27.39295578,-5.987241745,1
1179,14.48580074,16.2465992,1
1180,-10.33414078,7.047615528,1
1181,0.06964504,6.541718483,1
1182,-20.69349098,26.80008888,-1
1183,38.0788002,-20.2523613,1
1184,-0.736446261,0.722720027,-1
1185,27.3858223,-12.70433235,1
1186,-21.59322739,14.00980186,-1
1187,-24.46127701,-7.534608841,1
1188,-22.71658707,10.76499462,-1
1189,-8.432186127,-42.6811142,-1
1190,-32.24291611,-29.13532257,1
1191,1.431832314,-11.09888935,1
1192,-36.8507309,-9.309936523,1
1193,-36.05883408,7.132729053,-1
1194,-13.16804695,7.831682682,1
1195,-28.38679123,-8.384989738,-1
1196,-10.74429512,9.873274803,1
1197,2.075008154,26.80892181,-1
1198,-8.919591904,55.41736603,-1
1199,-11.81734562,27.31503868,-1
1200,-10.94405365,-6.200923443,1
1201,10.66910362,-40.84742737,1
1202,-31.32790947,21.68294334,1
1203,28.15857506,1.518620372,1
1204,9.194587708,5.462200165,-1
1205,7.6668787,17.79501152,-1
1206,-8.991522789,9.085700989,-1
1207,25.90236664,11.62875748,-1
1208,16.67311668,15.50346184,-1
1209,3.714582205,24.15876007,-1
1210,-14.96632576,38.531353,-1
1211,-1.262236714,14.44070053,-1
1212,17.03942871,-12.93292427,-1
1213,-2.628274202,24.50914192,-1
1214,-23.24985123,-20.00722504,-1
1215,16.04825783,-18.56727791,1
1216,-1.250419974,-40.83872604,1
1217,2.309735537,-5.24602747,1
1218,-6.330652714,10.39251995,-1
1219,19.75719452,10.19573116,-1
1220,38.20950317,-3.751123905,-1
1221,-5.302783489,-10.80056381,-1
1222,-19.40606117,-3.354970455,1
1223,-29.50391769,10.12247562,1
1224,11.65344238,15.63516617,1
1225,16.51422882,24.93268013,1
1226,-2.00462985,9.999293327,-1
1227,30.9131794,-12.80007744,1
1228,26.90375137,14.71600151,1
1229,15.74237251,-1.650848746,1
1230,12.90458107,35.57156372,-1
1231,56.07801819,-66.04911804,-1
1232,10.02836418,20.19266319,-1
1233,5.499911785,29.9088707,1
1234,19.16025543,-10.15346336,1
1235,19.52623367,44.32343674,1
1236,-31.68503571,42.69704056,-1
1237,4.056520939,56.37246704,-1
1238,-1.842379808,-7.755225658,-1
1239,-10.62246704,45.10129166,1
1240,-30.51614952,-22.60375977,-1
1241,4.761982918,46.26222992,-1
1242,-1.875682354,8.704600334,-1
1243,-8.938054085,-42.74986267,-1
1244,-21.85788727,3.87336874,1
1245,0.79517591,24.31587029,1
1246,-6.739265919,3.407727957,1
1247,29.29236031,-2.464133978,1
1248,-26.34187698,-7.464485645,-1
1249,13.5950079,9.305210114,-1
1250,-33.06840134,9.980424881,1
1251,19.57022858,9.721180916,-1
1252,-0.942547321,-40.80294418,1
1253,19.46157455,2.005475998,-1
1254,-3.05779624,59.57170868,-1
1255,-5.616947174,-19.43121147,1
1256,21.80642509,3.525369167,-1
1257,1.053461432,-13.55197906,1
1258,14.99091339,-6.632121563,-1
1259,-3.857185125,-22.35502625,-1
1260,-40.03517151,1.185418367,1
1261,-43.59211349,1.301184893,1
1262,50.46312332,-9.272993088,-1
1263,-28.20786476,-10.80151844,1
1264,-21.12543678,-7.56532526,-1
1265,-11.7847538,11.92656231,-1
1266,61.67194366,6.630557537,1
1267,-8.109347343,-9.543542862,1
1268,-6.532952785,-8.80352211,-1
1269,-14.44496441,-2.529793978,-1
1270,-16.31186295,-6.533109188,1
1271,-16.20480728,-18.1544075,-1
1272,7.512619495,2.415932417,1
1273,24.4229393,5.973255634,1
1274,-0.853056729,33.14690781,-1
1275,5.210205078,-26.1463089,-1
1276,12.97066116,15.58782101,-1
1277,-28.60970116,-55.74849701,-1
1278,22.20798683,-2.842901707,-1
1279,-11.81890774,-39.70402145,1
1280,-2.623535156,25.06720161,-1
1281,-25.28639221,-0.798636079,1
1282,-16.64578819,30.18096352,1
1283,-19.33545494,-28.00746536,1
1284,-23.05982399,12.12146378,1
1285,-58.22895432,-7.751210213,-1
1286,36.07564163,1.827365875,1
1287,-21.907444,0.283517331,1
1288,12.52679729,-24.67954826,1
1289,3.432259321,-6.840250015,1
1290,12.06226921,14.09514999,-1
1291,-10.41339397,-9.363873482,1
1292,-34.3710289,0.003467421,1
1293,6.882588863,-13.64785194,-1
1294,-44.95576859,-32.00920486,1
1295,23.19100571,-15.61617756,1
1296,-54.47523499,16.57114601,1
1297,14.07179832,26.00507736,1
1298,11.61882782,19.09470367,1
1299,35.77699661,-3.275182247,1
1300,18.06447029,6.214658737,-1
1301,-36.57271576,19.15603065,-1
1302,8.614904404,51.89015579,-1
1303,2.670847654,6.938614368,-1
1304,18.49847794,-43.84452438,-1
1305,-27.29486656,10.03075218,1
1306,-7.646549702,9.87894249,1
1307,36.06177139,30.78807068,1
1308,20.13323402,21.54887199,-1
1309,12.1578722,-26.18475723,1
1310,-16.4894352,-31.34241104,1
1311,27.62068748,-19.61170959,-1
1312,14.27290154,2.36494112,1
1313,19.25527191,-0.305761009,1
1314,2.856464624,66.09742737,-1
1315,-9.929164886,33.57032394,1
1316,-19.42559052,-6.469284534,1
1317,-17.93445396,-53.00465775,1
1318,23.71206474,19.96365929,-1
1319,11.45280647,35.7340126,1
1320,-6.025150776,-14.20011616,1
1321,-9.434930801,14.79511642,1
1322,-16.48513031,-36.30970001,1
1323,-39.98984528,-0.567810595,-1
1324,-23.24319649,15.08286762,-1
1325,-23.53613663,10.13997173,-1
1326,24.05749321,38.13848114,1
1327,-25.92286301,-49.68965149,1
1328,-38.41438293,16.87309837,-1
1329,3.596173525,-37.02417755,1
1330,32.94127655,-30.4591465,1
1331,-14.10356331,-23.8169899,1
1332,-17.65534401,28.70374489,-1
1333,-8.028004646,-4.976094723,-1
1334,16.93864632,40.83747864,1
1335,3.798732042,-11.42181587,-1
1336,-13.03752995,35.29135132,1
1337,-12.413764,-18.09012604,1
1338,-0.555817723,42.57387161,-1
1339,19.26192284,4.052725315,1
1340,-8.16929245,-22.67928886,1
1341,-9.162817955,56.76009369,-1
1342,-44.18199158,-1.93740654,-1
1343,-41.60573578,34.47141266,1
1344,-11.74025154,14.3175745,1
1345,-27.2252655,5.202569962,1
1346,10.40121269,34.02611542,1
1347,-29.82510757,-35.23886108,-1
1348,26.35703659,30.04930687,-1
1349,39.0131073,-7.460796356,1
1350,0.785024762,2.072934151,-1
1351,43.14834595,-4.921570778,-1
1352,3.292823315,-29.99648094,-1
1353,-6.556623936,-19.71089935,-1
1354,-8.186081886,-15.45785618,-1
1355,-13.07456875,-11.25378704,1
1356,-4.525480747,48.46870804,1
1357,-19.03388786,12.4776125,-1
1358,2.476768017,35.21038055,-1
1359,-36.28637314,27.67047882,-1
1360,36.5977478,26.27633476,-1
1361,5.761229992,4.411064148,1
1362,28.46219635,-3.516257286,-1
1363,-16.82539177,-36.28759003,1
1364,-11.59616756,-6.325492382,1
1365,-18.72059631,-29.36273956,-1
1366,-53.67361069,-23.49082375,-1
1367,17.65036201,-16.49776268,-1
1368,20.13398361,7.418668747,-1
1369,12.07815266,27.18980789,-1
1370,15.72400284,-3.175106764,-1
1371,28.15855789,23.31372833,-1
1372,-29.36425209,25.52676773,1
1373,-39.06206512,6.069154739,-1
1374,6.435647488,-20.77837563,-1
1375,-0.829968631,15.41341972,-1
1376,8.001926422,-17.53043175,1
1377,22.79286003,-9.764356613,1
1378,-5.087805271,-7.76061964,-1
1379,46.38671494,-7.227833271,-1
1380,27.92907143,-1.961053133,-1
1381,-34.13175583,18.3582325,1
1382,13.08404255,-7.387011051,-1
1383,-31.91837883,-35.27616501,1
1384,42.7398262,-0.85024631,-1
1385,12.8710804,-2.484018564,1
1386,17.77305412,-6.054964066,-1
1387,30.3516922,-7.893990993,-1
1388,10.6496172,-39.66543579,1
1389,16.28308868,7.352116108,1
1390,24.80107117,-14.89536572,1
1391,21.0656395,1.083848238,1
1392,35.29667282,-11.94633293,-1
1393,-49.46176147,22.35877037,-1
1394,19.96809578,-9.662176132,-1
1395,-23.36966896,-2.893774748,1
1396,-11.42984867,-43.83258057,-1
1397,29.70368767,-3.78625536,-1
1398,12.55680752,-10.6570816,-1
1399,17.27877426,17.97371292,1
1400,23.22210312,-11.37869263,1
1401,-25.55468369,-12.47598839,1
1402,28.98887825,-2.408642054,1
1403,-4.337343216,-15.40768528,-1
1404,-29.22662735,-15.11373901,-1
1405,-1.892805576,-3.71476841,1
1406,-2.783505201,6.404253483,1
1407,-27.15973854,43.93182755,1
1408,-7.509990215,-35.3973465,1
1409,8.375232697,34.93041992,-1
1410,-14.42071724,4.607969761,1
1411,26.72203064,-26.76306534,-1
1412,-36.27045822,2.396810532,-1
1413,11.95363045,8.380778313,1
1414,36.12696838,15.72241688,1
1415,34.31055832,-18.58767128,1
1416,-5.452672482,-0.534651339,1
1417,23.87617493,-8.543076515,-1
1418,-12.02961159,4.483969212,1
1419,42.24515915,2.889183283,1
1420,7.162139893,14.61622715,1
1421,-6.290482998,13.82752991,-1
1422,30.19594002,-15.87047386,-1
1423,-15.01597977,-17.47086334,1
1424,-41.75557709,5.199067116,1
1425,25.78736877,-11.88455296,-1
1426,6.575233459,-35.72994995,1
1427,44.19894409,11.07700157,1
1428,18.71410561,24.63207626,1
1429,49.87942123,-9.919698715,-1
1430,33.48186874,-4.523442268,1
1431,-6.479671478,24.44719315,1
1432,-14.77717781,-12.61396694,-1
1433,14.74796867,-44.31076813,1
1434,7.887703896,8.566568375,1
1435,-22.7099762,-3.90867281,-1
1436,-9.488779068,11.7450695,-1
1437,-7.757801533,-16.74050713,1
1438,-28.4301033,30.17508698,1
1439,-14.15653515,7.08259058,1
1440,1.789991379,-20.82097435,1
1441,3.092814922,24.21535873,-1
1442,-31.4764061,-34.99893188,1
1443,-26.64459229,-22.24313736,1
1444,-11.90957737,16.88930893,1
1445,25.83991241,11.71351624,1
1446,-0.018148448,16.24640274,-1
1447,-24.87201118,-5.712132931,-1
1448,6.773280621,-47.9045639,-1
1449,-11.96503639,13.44092464,1
1450,-40.77160645,8.233643532,-1
1451,-13.04123592,13.22164917,-1
1452,-19.08427048,-30.79709625,-1
1453,1.836327434,0.712650239,-1
1454,-29.99026489,3.271059513,1
1455,50.21089935,0.433606565,1
1456,5.267876625,10.75517845,-1
1457,-21.45383644,-14.69418526,-1
1458,-15.95473766,2.666324854,1
1459,-16.35388947,-44.9912262,1
1460,45.57980728,-30.30963707,1
1461,14.04580307,-32.96476364,-1
1462,15.30173969,29.81370735,1
1463,19.2239151,-27.0505867,-1
1464,14.92110538,-41.2746582,1
1465,-20.77747154,-18.72271347,1
1466,23.82558823,-23.73596954,-1
1467,12.53737164,-29.83891296,-1
1468,34.74847412,-22.17618752,-1
1469,-38.29514313,-14.14334202,1
1470,14.25660515,-12.94120312,1
1471,-11.96387577,2.552886724,-1
1472,4.495759487,10.21683979,1
1473,34.10221863,-13.46705341,1
1474,-18.07122421,52.03407669,1
1475,-31.60783386,5.382390499,1
1476,-12.09846306,14.00353813,1
1477,-25.91859245,-37.10357285,1
1478,-2.83096981,-45.78463745,-1
1479,-15.49393654,25.29212761,-1
1480,20.5158844,-23.46668053,-1
1481,-21.59348488,-10.04150391,1
1482,-33.64719772,31.20145988,1
1483,-4.099006653,48.00767899,-1
1484,-27.68938255,-1.692494631,-1
1485,21.39776611,-16.07906342,1
1486,17.22442818,-31.09909439,1
1487,-11.08756542,-16.48214149,-1
1488,-43.76877594,-10.7997303,1
1489,16.40130234,-12.92633152,1
1490,15.47805023,4.142305851,1
1491,14.06043148,-27.11961937,-1
1492,-14.48777199,15.02267361,-1
1493,-4.18880415,-3.218256712,1
1494,29.68643188,-2.118770123,1
1495,26.88671494,27.90553474,-1
1496,17.76675606,6.994747639,1
1497,26.49622345,20.67205811,1
1498,-17.70002365,21.20443726,1
1499,7.070216179,29.48387527,-1
1500,-42.92913437,-20.70686531,-1
1501,19.29405594,-9.712920189,-1
1502,9.484172821,-43.99020767,1
1503,6.135354519,-11.11490345,1
1504,-31.95785332,46.5409584,-1
1505,32.13133621,34.32613754,-1
1506,31.6245327,14.68776894,-1
1507,11.83934116,11.86492443,-1
1508,-6.174665451,-24.86151314,1
1509,1.165088534,-7.453882694,-1
1510,-12.26984692,-9.368263245,1
1511,22.86128807,-9.901579857,-1
1512,3.487020731,3.026998281,-1
1513,23.48134232,-19.32579994,1
1514,5.291935921,36.24705887,-1
1515,-22.3472271,-23.16244507,-1
1516,-4.363613129,0.060053043,1
1517,44.99912643,28.60283279,1
1518,11.85170746,-19.35436058,1
1519,-6.64125824,-54.02523422,-1
1520,-10.63322163,-16.5000248,-1
1521,-8.490270615,-16.25382805,1
1522,7.895218849,-6.11284256,1
1523,-10.13995647,6.740997314,-1
1524,-11.15628052,-2.860840559,-1
1525,-34.86160278,14.73795414,1
1526,23.17985344,-11.31450939,1
1527,51.58969879,12.21873569,-1
1528,36.6872406,69.1749115,-1
1529,11.79676533,-15.93653965,-1
1530,19.85296631,30.1981411,1
1531,5.923739433,19.06681442,1
1532,-31.55932999,21.53649712,1
1533,16.10923767,9.999258995,-1
1534,0.35011366,-46.74455261,1
1535,-1.952311158,-3.766920328,1
1536,2.933349848,37.32614136,1
1537,-1.999657273,2.96723032,1
1538,-8.357703209,-26.39131737,-1
1539,-47.40036011,28.89212418,1
1540,-40.45629501,-7.684138298,-1
1541,-30.77543259,23.07989311,-1
1542,35.96024704,15.47350597,1
1543,24.08341026,34.37958908,-1
1544,7.375137806,22.05996704,-1
1545,20.96864319,4.874241829,-1
1546,-17.50694084,-0.883770406,1
1547,22.71818352,16.25444603,-1
1548,1.657338977,-42.997715,-1
1549,-4.204205036,-15.53473186,-1
1550,-11.35442448,-26.32229424,-1
1551,-6.0316782,48.10020447,1
1552,-0.48221904,3.152132511,1
1553,-13.0177145,23.56454659,-1
1554,22.23670769,-28.26460648,1
1555,-48.30067444,7.694824696,-1
1556,-33.60001373,14.38232517,1
1557,-36.97335434,-38.1005249,1
1558,-35.18828583,37.25001144,-1
1559,-3.482281923,51.59176254,1
1560,-37.12714767,-0.560212374,-1
1561,-48.15779114,-11.88139153,-1
1562,-32.71880722,1.002061963,1
1563,44.09103394,35.01727295,1
1564,-31.69502449,12.09571743,-1
1565,20.76354027,-1.492067575,1
1566,-6.706219673,4.815916538,-1
1567,-55.06392288,1.700508952,-1
1568,20.38288498,27.68021393,1
1569,13.25248718,20.04738235,-1
1570,1.436778903,32.15895081,1
1571,-38.89780045,-36.15890121,1
1572,33.53590393,-12.15393543,-1
1573,-12.4052124,4.875376701,1
1574,-17.73888588,24.0747509,1
1575,8.042976379,-1.727358699,1
1576,22.94859505,28.41036415,-1
1577,7.073297977,-8.373242378,-1
1578,6.923505306,10.50154781,-1
1579,16.57669449,4.683703899,-1
1580,-10.54982471,-35.80448914,1
1581,-4.802904129,-13.49931145,-1
1582,32.65276718,-25.84392548,-1
1583,30.06184769,-35.95455551,-1
1584,40.63780212,26.53369141,-1
1585,21.19910622,16.46439171,-1
1586,5.35081768,15.38321114,1
1587,-3.339690447,-30.33362007,1
1588,-17.35306931,49.68891907,1
1589,-4.851123333,1.505852818,1
1590,-24.46097183,-18.59814262,-1
1591,-25.62368774,-20.34928322,1
1592,-12.39042473,8.901525497,1
1593,14.30505562,10.49940872,1
1594,-4.694551468,-30.19922066,1
1595,-2.918949127,-26.64300346,1
1596,44.92977142,5.523703575,1
1597,-21.71215057,10.66507626,1
1598,41.83560181,-51.84113312,1
1599,-11.01118755,-0.513487697,-1
1600,-28.54393768,14.93728065,1
1601,38.88864899,3.161847353,-1
1602,-16.06542587,-21.61816025,1
1603,30.11674881,-21.71239853,1
1604,-11.26923561,15.30548859,1
1605,-37.95504761,42.26535797,1
1606,-25.29120064,-29.83903885,-1
1607,1.515124559,9.583975792,-1
1608,2.415208817,39.52339935,-1
1609,11.08242416,-29.94318581,1
1610,18.62307358,-1.871516705,1
1611,14.81367779,1.067154408,1
1612,16.98003197,-16.44544792,1
1613,-36.97768021,-13.12166977,-1
1614,20.51181793,5.141909122,1
1615,-9.746520042,11.01617146,1
1616,24.27104568,-33.61515045,1
1617,-30.4330616,55.56147766,1
1618,-28.84788513,-28.03746796,-1
1619,-35.03630066,-31.62906075,-1
1620,10.19636726,17.32406998,-1
1621,-13.59194565,-48.95307159,1
1622,12.10533142,-20.50955582,-1
1623,-8.781707764,36.54520798,-1
1624,8.509191513,-8.205432892,-1
1625,18.13162994,22.29834557,1
1626,30.3126564,-7.991380692,-1
1627,12.37381935,3.074349165,1
1628,-45.44255447,-27.46079063,-1
1629,16.3499527,-9.803222656,-1
1630,21.97894669,-27.84753609,1
1631,-27.23633194,-4.268721581,1
1632,16.18150902,27.02851295,1
1633,-18.67233849,8.643433571,-1
1634,2.339188814,11.52900791,1
1635,-6.664299965,-6.607302666,1
1636,14.94727516,-17.54344177,1
1637,2.740676641,-14.87624168,-1
1638,6.05418396,-1.325648546,1
1639,-11.14929199,20.67806816,1
1640,-2.778038025,-36.03308487,1
1641,-30.9877739,-15.37105846,-1
1642,-12.88767529,29.78939438,-1
1643,-11.77078438,-4.407356739,1
1644,-11.55126572,-14.15096569,1
1645,-32.55037689,-9.960303307,-1
1646,1.333519936,-31.18029976,1
1647,-1.732599974,-23.36261749,-1
1648,15.9188261,45.99985504,-1
1649,4.697722912,7.794991493,1
1650,40.71512985,9.831570625,1
1651,21.50876045,19.74876022,-1
1652,-61.93115616,21.85727501,-1
1653,16.69477463,9.912619591,1
1654,12.62096024,-14.80568314,1
1655,-19.97402954,-24.20736313,1
1656,-12.36260796,5.500382423,-1
1657,-17.47409439,42.16530991,-1
1658,-18.54401588,19.13170624,1
1659,-2.881827116,-17.68582535,-1
1660,14.96094799,23.76833534,-1
1661,-9.922445297,-21.67249107,1
1662,-21.95200157,-21.34479332,-1
1663,-17.79633904,-12.60412025,-1
1664,4.339971542,12.4025631,1
1665,-53.93745041,-15.03648758,1
1666,4.658556461,-4.435592651,-1
1667,-18.66326714,-21.84807968,-1
1668,-5.203428268,-13.8661623,-1
1669,-3.617203474,19.78878593,-1
1670,6.503290176,-41.0096817,1
1671,-7.090453148,23.2245121,1
1672,-28.37104988,30.4766674,-1
1673,14.93829536,-42.0054512,-1
1674,-10.36415863,3.140774488,1
1675,16.03369522,-16.429842,-1
1676,-1.847856879,3.365622044,-1
1677,16.89145279,-19.1566124,-1
1678,-4.755010128,-19.08346367,1
1679,8.343431473,-5.04821825,-1
1680,7.978324413,23.22097015,-1
1681,-11.40485287,-12.5007782,-1
1682,13.94626808,-26.89181328,-1
1683,-0.447203398,30.24215698,-1
1684,-32.43552017,-3.208295107,1
1685,-49.82775497,-11.12098026,-1
1686,-23.27506447,37.80869293,-1
1687,14.79628277,-5.26738596,1
1688,8.115222931,3.13192606,-1
1689,5.791094303,-20.96614265,1
1690,11.4455471,11.94532299,1
1691,-7.781661987,0.473082215,1
1692,-13.836483,-2.272294044,-1
1693,-17.50131416,15.9510479,1
1694,-29.54199409,32.65176392,-1
1695,-17.95030022,-16.91184425,-1
1696,-41.33307648,34.26502991,1
1697,-26.87860489,9.592959404,-1
1698,33.85083771,11.90852261,-1
1699,-4.506551743,19.77227211,-1
1700,-45.08758926,-6.213960648,-1
1701,-18.49942398,19.39997101,1
1702,-26.93680954,29.6877594,-1
1703,43.17757797,-0.568880498,-1
1704,-3.099735498,-22.72387123,1
1705,-6.171625614,28.80443573,1
1706,24.21557045,22.87911606,1
1707,24.21996117,35.05879211,1
1708,7.955879211,-13.71974277,-1
1709,-2.698596716,-17.62909698,1
1710,5.778963089,-8.228699684,1
1711,-10.92052841,-13.15806389,1
1712,28.17260933,23.28051949,-1
1713,-18.79620552,-29.31494713,-1
1714,9.158595085,-30.62673569,1
1715,9.300124168,-16.87516594,1
1716,4.615951538,20.37570763,1
1717,9.935979843,17.53931427,-1
1718,-9.286712646,2.621804714,1
1719,-16.61410332,-34.32973862,1
1720,-6.266527653,-1.388834953,-1
1721,-0.114942476,-23.2704258,-1
1722,14.05698967,38.53934097,1
1723,21.71768379,-7.277822018,1
1724,21.28387642,32.25059128,1
1725,-3.023111343,4.860589027,1
1726,2.418514967,29.96842194,-1
1727,5.060800552,33.92023849,-1
1728,33.66275406,4.121041775,-1
1729,25.05192566,-26.46647072,1
1730,-14.94835663,32.32290649,1
1731,19.10341454,-9.429268837,-1
1732,-16.62567902,73.67367554,1
1733,-2.655580997,-21.87365532,-1
1734,-41.13027191,-3.897251844,1
1735,-6.281980038,42.47340775,1
1736,-2.72005415,40.84724426,-1
1737,18.05540466,28.05588722,1
1738,10.1812315,5.818000793,-1
1739,-11.31230068,-30.60421181,1
1740,-0.180452242,39.1727562,1
1741,7.523876667,22.75999832,-1
1742,-12.26867962,21.42617607,1
1743,-26.68427277,21.00876808,1
1744,0.410455793,-6.013422489,-1
1745,4.252539158,41.66327286,1
1746,-39.78117752,-30.12357903,1
1747,34.3155098,-18.592453,-1
1748,-8.254790306,18.6166687,1
1749,20.79360008,48.46940231,1
1750,-25.92131996,9.321422577,1
1751,-17.27783012,-24.22306252,-1
1752,-32.72063828,0.994248986,-1
1753,-22.32324409,15.81618595,-1
1754,-26.80101967,32.28769684,-1
1755,34.96548462,-15.16582394,-1
1756,47.89912796,9.809813499,-1
1757,2.038219213,7.550129414,-1
1758,30.98397064,44.20277023,-1
1759,-25.21737862,-31.07029152,-1
1760,9.059481621,-6.021825314,1
1761,-20.23282814,-21.06058311,-1
1762,-17.22748947,-4.592374325,-1
1763,-9.895112038,45.24424744,1
1764,-1.336790204,-29.49182892,1
1765,-9.365444183,-10.98677254,-1
1766,10.37744808,-14.00307274,-1
1767,-48.14863968,-2.359054565,-1
1768,5.413631916,0.954213917,-1
1769,-12.11607838,38.61751556,-1
1770,30.81684303,16.96589661,1
1771,1.153958917,37.37181473,-1
1772,-30.73818588,-34.5356369,1
1773,39.97947693,-16.54662895,-1
1774,-10.93047237,-24.35865784,1
1775,6.03946209,-56.66225433,-1
1776,-25.44504547,14.85115147,1
1777,-15.11001873,44.05384827,1
1778,13.7290659,37.8992691,-1
1779,-0.094762713,-1.116236091,1
1780,-25.21009636,6.844452381,-1
1781,-50.10514069,12.0920372,-1
1782,-11.77667809,32.10491562,-1
1783,-5.742383003,-14.07814407,1
1784,14.38439465,34.11813736,-1
1785,-9.880339622,-16.43267441,1
1786,-0.84611994,27.81740379,1
1787,4.089033127,-60.62548828,1
1788,-16.03171921,19.53302002,-1
1789,-4.389252186,14.24553013,-1
1790,-38.25810242,-14.11350822,-1
1791,3.253327847,-26.07863808,-1
1792,0.823515773,-16.23260117,1
1793,35.2848587,9.534034729,-1
1794,-9.303596497,-47.31795883,-1
1795,-12.59341049,-55.73688889,-1
1796,-36.61407089,51.92712784,1
1797,-58.26414108,50.13195038,-1
1798,0.175614044,-36.66333008,-1
1799,24.65872574,-13.60090828,1
1800,-6.85161972,-43.15458679,1
1801,-18.73986816,8.569369316,-1
1802,-2.533555269,26.42733383,-1
1803,-35.88709641,-3.331164598,-1
1804,18.8851223,-12.00567913,1
1805,19.42115021,-15.13054848,1
1806,12.5401144,9.387255669,-1
1807,-19.69718361,-9.146237373,1
1808,25.20668221,-14.75383186,-1
1809,1.159536719,-1.449508309,-1
1810,20.03370667,9.331403732,-1
1811,4.601922035,10.22382164,-1
1812,-11.28160381,25.54299545,-1
1813,-45.95721054,13.10966206,-1
1814,6.930252552,-11.98159027,1
1815,-21.38684273,-14.72608852,-1
1816,0.653170884,-33.51112747,1
1817,1.017924905,37.16056824,1
1818,-16.3052597,12.59305954,-1
1819,-8.443473816,-28.58979225,1
